location,year,class,env,plot,range,row,id,yield,sg,redness,lightness,roundness,lxw
Becker,2020,CHIPS,Becker_2020,1,1,1,Atlantic,51.747,1.063,21.65,32.05,0.971344791,1.196019665
Becker,2020,CHIPS,Becker_2020,2,2,1,MN18AF6643-10,43.948,1.049,13.4,45.9,0.981654615,1.055510882
Becker,2020,CHIPS,Becker_2020,3,3,1,MN18AF6643-12,50.933,1.055,22.65,44.5,0.975204853,1.097643909
Becker,2020,CHIPS,Becker_2020,4,4,1,MN18AF6643-13,48.288,1.066,12.5,43.7,0.973682794,NA
Becker,2020,CHIPS,Becker_2020,5,5,1,MN18AF6643-7,59.343,1.06,21.15,40.25,0.974516049,1.189355384
Becker,2020,CHIPS,Becker_2020,6,6,1,MN18AF6643-9,42.456,1.056,25.4,44.4,0.988732425,1.08045977
Becker,2020,CHIPS,Becker_2020,7,7,1,MN18AF6648-10,1.424,1.057,14.9,40.9,0.964585768,1.188956395
Becker,2020,CHIPS,Becker_2020,8,8,1,MN18AF6648-14,34.995,1.062,13.65,48.05,0.965843993,1.125802476
Becker,2020,CHIPS,Becker_2020,9,9,1,MN18AF6648-8,70.805,1.048,17.75,41.7,0.975229228,1.14806729
Becker,2020,CHIPS,Becker_2020,10,10,1,Atlantic,43.676,1.059,20.6,34.5,0.984819479,1.021923077
Becker,2020,CHIPS,Becker_2020,11,11,1,MN18AF6648-9,23.534,1.049,13.8,38.1,0.972325799,1.09236351
Becker,2020,CHIPS,Becker_2020,12,12,1,MN18AF6658-5,44.897,1.056,20.8,38.4,0.980079373,1.253115005
Becker,2020,CHIPS,Becker_2020,13,13,1,MN18AF6661-2,25.094,1.055,18.5,38.45,0.969442053,1.18847414
Becker,2020,CHIPS,Becker_2020,14,14,1,MN18AF6661-9,52.629,1.062,22.6,26.3,0.989261253,1.021533161
Becker,2020,CHIPS,Becker_2020,15,15,1,MN18AF6675-2,71.279,1.064,17.45,45.65,0.99386985,1.030917962
Becker,2020,CHIPS,Becker_2020,16,16,1,MN18AF6680-12,38.522,1.065,20.2,29.45,0.981823338,1.187157302
Becker,2020,CHIPS,Becker_2020,17,16,2,MN18AF6680-8,54.799,1.052,14.6,43.6,0.976122139,1.155480103
Becker,2020,CHIPS,Becker_2020,18,15,2,MN18AF6716-2,8.952,1.053,21.1,35.9,0.969240238,1.079710145
Becker,2020,CHIPS,Becker_2020,19,14,2,Atlantic,36.42,1.062,20.6,35.7,0.988673305,1.071662979
Becker,2020,CHIPS,Becker_2020,20,13,2,MN18AF6717-10,53.646,1.046,13.8,45.2,0.981350453,1.130741443
Becker,2020,CHIPS,Becker_2020,21,12,2,MN18AF6717-2,57.783,1.067,13.9,41.75,0.990602817,1.08010906
Becker,2020,CHIPS,Becker_2020,22,11,2,MN18AF6717-3,46.389,1.047,13.9,37.8,0.989398803,1.15376389
Becker,2020,CHIPS,Becker_2020,23,10,2,MN18AF6717-6,54.731,1.047,26.85,38.3,0.987713505,1.060680675
Becker,2020,CHIPS,Becker_2020,24,9,2,MN18AF6717-7,23.398,1.049,25.5,36.6,0.970106657,1.172216537
Becker,2020,CHIPS,Becker_2020,25,8,2,MN18AF6717-9,47.407,1.055,24.75,40.6,0.965428626,1.257608418
Becker,2020,CHIPS,Becker_2020,26,7,2,MN18AF6718-1,49.848,1.068,13.3,40.5,NA,NA
Becker,2020,CHIPS,Becker_2020,27,6,2,MN18AF6720-2,8.952,1.068,16.35,45.95,0.99127774,1.054273645
Becker,2020,CHIPS,Becker_2020,28,5,2,Atlantic,56.698,1.066,15,38.6,0.989735774,1.061249981
Becker,2020,CHIPS,Becker_2020,29,4,2,MN18AF6722-2,46.661,1.076,18.5,38.6,0.965757829,1.025140591
Becker,2020,CHIPS,Becker_2020,30,3,2,MN18AF6724-5,51.34,1.064,13.1,NA,0.963393266,1.185342981
Becker,2020,CHIPS,Becker_2020,31,2,2,MN18AF6724-8,41.71,1.064,10.25,47.25,0.983280393,1.041542414
Becker,2020,CHIPS,Becker_2020,32,1,2,MN18AF6724-9,27.806,1.057,4.3,61.3,0.97918178,1.150244638
Becker,2020,CHIPS,Becker_2020,33,1,3,MN18AF6725-1,32.011,1.065,10.85,53.55,0.976320597,1.173648135
Becker,2020,CHIPS,Becker_2020,34,2,3,MN18AF6725-2,39.878,1.055,21.5,48.3,0.9894951,1.023185984
Becker,2020,CHIPS,Becker_2020,35,3,3,MN18AF6726-2,17.43,1.047,8.3,64.6,0.983816114,1.169227661
Becker,2020,CHIPS,Becker_2020,36,4,3,MN18AF6726-4,67.21,1.056,6.7,61.1,0.98654207,1.049814299
Becker,2020,CHIPS,Becker_2020,37,5,3,Atlantic,55.748,1.072,15.1,39,0.985606181,1.036564444
Becker,2020,CHIPS,Becker_2020,38,6,3,MN18AF6728-7,32.757,1.063,8.5,68,0.970519182,1.082556781
Becker,2020,CHIPS,Becker_2020,39,7,3,MN18AF6729-1,7.799,1.045,5.4,67.2,0.989509404,1.09827709
Becker,2020,CHIPS,Becker_2020,40,8,3,MN18AF6730-3,42.727,1.053,7.6,62.3,0.985421267,1.058297213
Becker,2020,CHIPS,Becker_2020,41,9,3,MN18AF6730-5,47.474,1.063,6.7,65.3,0.984753584,1.04632345
Becker,2020,CHIPS,Becker_2020,42,10,3,MN18AF6730-6,28.281,1.059,9.9,67.3,0.978012553,1.118098893
Becker,2020,CHIPS,Becker_2020,43,11,3,MN18AF6734-1,14.107,1.04,5.7,64.3,0.989607378,1.023964067
Becker,2020,CHIPS,Becker_2020,44,12,3,MN18AF6745-4,31.943,1.064,4.8,66.2,NA,NA
Becker,2020,CHIPS,Becker_2020,45,13,3,MN18W17039-12,31.333,1.057,7.2,60.7,0.981061528,1.17954949
Becker,2020,CHIPS,Becker_2020,46,14,3,Atlantic,43.948,1.071,16.5,41.5,0.991491945,1.148767521
Becker,2020,CHIPS,Becker_2020,47,15,3,MN18W17039-13,17.43,1.053,5.15,60.45,0.985757349,1.074937436
Becker,2020,CHIPS,Becker_2020,48,16,3,MN18W17043-14,43.676,1.058,6.6,58.1,NA,NA
Becker,2020,CHIPS,Becker_2020,49,16,4,MN18W17065-5,37.573,1.054,8.4,57.6,0.982265559,1.054347826
Becker,2020,CHIPS,Becker_2020,50,15,4,MN18W17065-7,30.248,1.06,5.4,60.1,0.98295345,1.110058844
Becker,2020,CHIPS,Becker_2020,51,14,4,MN18W17043-17,52.154,1.064,5.7,59.9,0.988662681,1.124983447
Becker,2020,CHIPS,Becker_2020,52,13,4,MN18W17092-7,22.177,1.06,6,55.7,NA,NA
Becker,2020,CHIPS,Becker_2020,53,12,4,MN18W17037-9,43.066,1.055,4.4,60.5,0.978328041,1.129039797
Becker,2020,CHIPS,Becker_2020,54,11,4,MN18W17037-11,36.42,1.105,6.2,60.6,0.988656332,1.182090627
Becker,2020,CHIPS,Becker_2020,55,10,4,Atlantic,48.695,1.07,23.6,34.5,0.96441305,1.181415929
Becker,2020,CHIPS,Becker_2020,56,9,4,MN18W17037-17,46.661,1.062,5.7,55.1,0.985632526,1.238460214
Becker,2020,CHIPS,Becker_2020,57,8,4,MN18W17037-19,49.848,1.056,3.1,60.4,0.984757082,1.080128205
Becker,2020,CHIPS,Becker_2020,58,7,4,MN18W17037-2,47.746,1.054,5.8,61.9,0.986175524,1.110287838
Becker,2020,CHIPS,Becker_2020,59,6,4,MN18W17037-20,39.539,1.06,5.6,63.5,0.980421872,1.192520923
Becker,2020,CHIPS,Becker_2020,60,5,4,MN18W17037-39,51.137,1.049,5.5,63.1,0.98480105,1.112985086
Becker,2020,CHIPS,Becker_2020,61,4,4,MN18W17037-41,45.779,1.059,5.6,60.6,0.984073338,1.054257885
Becker,2020,CHIPS,Becker_2020,62,3,4,MN18W17037-7,50.526,1.063,4.8,59.3,0.981914332,1.160467143
Becker,2020,CHIPS,Becker_2020,63,2,4,MN18W17039-1,48.966,1.058,4.3,57.9,0.983139481,1.102564102
Becker,2020,CHIPS,Becker_2020,64,1,4,Atlantic,55.816,1.066,15.5,43.05,0.990446321,1.053237918
Becker,2020,CHIPS,Becker_2020,65,1,5,MN18W17039-11,20.617,1.063,8.4,60.7,0.983473565,1.13141599
Becker,2020,CHIPS,Becker_2020,66,2,5,MN18W17039-19,40.557,1.062,4.5,60.6,0.979931265,1.086614173
Becker,2020,CHIPS,Becker_2020,67,3,5,MN18W17039-25,26.043,1.066,4.1,62.6,0.983455051,1.175594875
Becker,2020,CHIPS,Becker_2020,68,4,5,MN18W17043-13,42.252,1.065,3.2,63.2,0.985579847,1.081247259
Becker,2020,CHIPS,Becker_2020,69,5,5,MN18W17043-9,36.216,1.075,NA,NA,NA,NA
Becker,2020,CHIPS,Becker_2020,70,6,5,MN18W17047-1,19.532,1.071,6,60.2,0.989487824,1.111818697
Becker,2020,CHIPS,Becker_2020,71,7,5,MN18W17047-8,15.802,1.066,5.5,61.8,0.982389764,1.05781759
Becker,2020,CHIPS,Becker_2020,72,8,5,MN18W17052-15,42.456,1.07,7.1,60.8,0.98464105,1.13685671
Becker,2020,CHIPS,Becker_2020,73,9,5,Atlantic,45.914,1.065,18.3,39.4,0.962074881,1.211052216
Becker,2020,CHIPS,Becker_2020,74,10,5,MN18W17052-4,31.401,1.066,4.5,62.5,0.985090257,1.060248081
Becker,2020,CHIPS,Becker_2020,75,11,5,MN18W17052-5,25.84,1.046,5.2,59.9,0.989130453,1.164846588
Becker,2020,CHIPS,Becker_2020,76,12,5,MN18W17052-6,40.624,1.073,5,64,0.985024348,1.175435617
Becker,2020,CHIPS,Becker_2020,77,13,5,MN18W17052-9,21.567,1.062,7.8,57.7,0.984669496,1.086318797
Becker,2020,CHIPS,Becker_2020,78,14,5,MN18W17055-4,40.15,1.062,4.2,66.2,0.990767008,1.073946558
Becker,2020,CHIPS,Becker_2020,79,15,5,MN18W17055-8,33.775,1.068,5.8,57.1,0.986631486,1.157894737
Becker,2020,CHIPS,Becker_2020,80,16,5,MN18W17055-9,33.096,1.063,5.7,62.8,0.988210164,1.189886038
Becker,2020,CHIPS,Becker_2020,81,16,6,MN18W17057-1,27.196,1.064,5,60.8,0.98421999,1.132288099
Becker,2020,CHIPS,Becker_2020,82,15,6,Atlantic,45.44,1.057,25.75,38.95,0.973589338,1.163009564
Becker,2020,CHIPS,Becker_2020,83,14,6,MN18W17057-14,42.591,1.065,4.1,63,0.9887047,1.138955565
Becker,2020,CHIPS,Becker_2020,84,13,6,MN18W17057-2,37.098,1.062,4.5,60.5,0.979641403,1.23844732
Becker,2020,CHIPS,Becker_2020,85,12,6,MN18W17057-3,26.179,1.057,7.2,60.6,0.985626764,1.144653845
Becker,2020,CHIPS,Becker_2020,86,11,6,MN18W17057-4,31.333,1.059,5.7,62.2,0.984189046,1.157875172
Becker,2020,CHIPS,Becker_2020,87,10,6,MN18W17057-5,53.51,1.058,5.6,62.7,0.983383134,1.17695218
Becker,2020,CHIPS,Becker_2020,88,9,6,MN18W17057-6,50.391,1.053,5.5,57.6,0.983114731,1.133651339
Becker,2020,CHIPS,Becker_2020,89,8,6,MN18W17065-2,74.331,1.059,5.3,61,0.977034262,1.234316327
Becker,2020,CHIPS,Becker_2020,90,7,6,MN18W17065-4,54.799,1.058,5.25,58.75,0.984906918,1.208991274
Becker,2020,CHIPS,Becker_2020,91,6,6,Atlantic,49.509,1.059,29.9,39.55,0.973408512,1.178882027
Becker,2020,CHIPS,Becker_2020,92,5,6,MN18SR00045-1,NA,NA,6.1,65.7,0.987903249,1.058357688
Becker,2020,CHIPS,Becker_2020,93,4,6,MN18SR00045-3,NA,NA,3.6,62.6,0.980330548,1.194456192
Becker,2020,CHIPS,Becker_2020,94,3,6,MN18TX17748-1,40.285,1.053,4.9,65.2,0.984847491,1.090671574
Becker,2020,CHIPS,Becker_2020,95,2,6,MN18W17037-21,48.492,1.058,5.5,63.8,0.988093738,1.109704641
Becker,2020,CHIPS,Becker_2020,96,1,6,MN18W17037-24,44.355,1.056,7.3,57.1,0.983335777,1.117248722
Becker,2020,CHIPS,Becker_2020,97,1,7,MN18W17037-26,45.575,1.063,6.9,58.2,0.984973608,1.215926365
Becker,2020,CHIPS,Becker_2020,98,2,7,MN18W17037-27,49.712,1.062,4.8,62.5,0.984948651,1.09965742
Becker,2020,CHIPS,Becker_2020,99,3,7,MN18W17037-29,50.187,1.055,7,58.3,0.981505865,1.070339546
Becker,2020,CHIPS,Becker_2020,100,4,7,Atlantic,61.106,1.065,15.5,39.7,0.988050587,1.072626448
Becker,2020,CHIPS,Becker_2020,101,5,7,MN18TX17748-2,63.683,1.064,NA,NA,NA,NA
Becker,2020,CHIPS,Becker_2020,102,6,7,MN18W17037-38,31.876,1.057,4.9,61.5,0.988951998,1.115657366
Becker,2020,CHIPS,Becker_2020,103,7,7,MN18AF6734-3,16.955,1.048,6,68.1,0.983171127,1.08202373
Becker,2020,CHIPS,Becker_2020,104,8,7,MN18W17037-30,28.756,1.05,6.6,54.5,0.969151002,1.127720372
Becker,2020,CHIPS,Becker_2020,105,9,7,MN18W17037-32,72.704,1.054,4.8,60,0.980848594,1.121268657
Becker,2020,CHIPS,Becker_2020,106,10,7,MN18W17037-33,45.44,1.062,5.1,59.2,0.978137218,1.122021323
Becker,2020,CHIPS,Becker_2020,107,11,7,MN18W17037-34,42.456,1.062,9.4,58.2,0.972000236,1.220491321
Becker,2020,CHIPS,Becker_2020,108,12,7,MN18W17037-36,45.304,1.058,5.15,61.1,0.987444775,1.168228195
Becker,2020,CHIPS,Becker_2020,109,13,7,Atlantic,39.065,1.06,22.45,39.35,0.973683699,1.231000675
Becker,2020,CHIPS,Becker_2020,110,14,7,MN18W17037-37,47.881,1.065,5.1,58.6,0.986449103,1.097177402
Becker,2020,CHIPS,Becker_2020,111,15,7,MN18W17039-27,37.912,1.063,4.7,61.5,0.982518354,1.07767624
Becker,2020,CHIPS,Becker_2020,112,16,7,MN18W17039-5,47.474,1.073,5.9,58.6,0.982390165,1.07270894
Becker,2020,CHIPS,Becker_2020,113,16,8,MN18W17039-8,12.343,1.06,4.6,61.5,0.982719507,1.1477931
Becker,2020,CHIPS,Becker_2020,114,15,8,MN18W17043-1,36.148,1.066,6.2,59.3,0.97868634,1.052122561
Becker,2020,CHIPS,Becker_2020,115,14,8,MN18W17043-11,52.697,1.059,4.9,62.5,0.983964364,1.089297157
Becker,2020,CHIPS,Becker_2020,116,13,8,MN18W17043-12,54.46,1.067,4.8,61.6,0.985557055,1.147359506
Becker,2020,CHIPS,Becker_2020,117,12,8,MN18W17043-2,36.962,1.072,3.4,62.3,0.987062126,1.12243164
Becker,2020,CHIPS,Becker_2020,118,11,8,Atlantic,48.559,1.063,12.85,34.85,0.981560367,1.039846345
Becker,2020,CHIPS,Becker_2020,119,10,8,MN18W17043-3,51.204,1.074,4,58.9,0.989127231,1.128384687
Becker,2020,CHIPS,Becker_2020,120,9,8,MN18W17043-6,60.632,1.071,3.6,64.1,0.985296583,1.112419763
Becker,2020,CHIPS,Becker_2020,121,8,8,MN18W17043-7,71.483,1.059,4,59,0.978173954,1.248913202
Becker,2020,CHIPS,Becker_2020,122,7,8,MN18W17043-8,79.35,1.057,NA,NA,NA,NA
Becker,2020,CHIPS,Becker_2020,123,6,8,Atlantic,42.659,1.066,19,48.35,0.989567513,1.059246486
Becker,2021,CHIPS,Becker_2021,1,1,1,Lamoka,59.886,1.064102564,9.3,62.5,0.960554818,NA
Becker,2021,CHIPS,Becker_2021,2,2,1,MN18W17037-33,44.49,1.069883527,12.9,57.7,0.97891927,1.115017492
Becker,2021,CHIPS,Becker_2021,3,3,1,MN18W17043-6,35.267,1.069917203,10.7,59.3,0.984709503,1.105606811
Becker,2021,CHIPS,Becker_2021,4,4,1,MN19AF6866-12,44.287,1.071428571,11.7,58.3,0.989726145,1.074576271
Becker,2021,CHIPS,Becker_2021,6,6,1,MSFF038-3,50.052,1.07486631,9,63.9,0.9837098,1.081126921
Becker,2021,CHIPS,Becker_2021,7,7,1,MN18W17052-4,47.339,1.075075075,9.5,62.6,0.982717564,1.071510572
Becker,2021,CHIPS,Becker_2021,8,8,1,MN18W17037-21,33.978,1.063429138,8.2,59.5,0.9859162,1.081302549
Becker,2021,CHIPS,Becker_2021,9,9,1,MN19TX18054-2,57.376,1.073544433,8.7,61.7,0.981583278,1.18332923
Becker,2021,CHIPS,Becker_2021,10,10,1,MN18W17043-17,29.366,1.064,8.1,65,0.986407964,1.079432925
Becker,2021,CHIPS,Becker_2021,11,11,1,MSFF217-1,27.196,1.063559322,11.1,58.5,0.992429887,1.032300256
Becker,2021,CHIPS,Becker_2021,12,12,1,MN19AF6869-20,21.228,1.062193126,11.6,58.2,0.989643676,1.038427167
Becker,2021,CHIPS,Becker_2021,13,13,1,MN18AF6648-10,18.651,1.060377358,8.8,60.9,0.988744791,1.048480111
Becker,2021,CHIPS,Becker_2021,14,14,1,MN19TX18032-6,26.247,1.054117647,14,55.6,0.989874656,1.077333059
Becker,2021,CHIPS,Becker_2021,15,14,2,Snowden,34.385,1.074,12.6,57,0.977882758,1.073863636
Becker,2021,CHIPS,Becker_2021,16,13,2,MN18W17052-6,54.528,1.064859632,9.2,63.5,0.985539022,1.032705294
Becker,2021,CHIPS,Becker_2021,17,12,2,MN18W17057-5,21.024,NA,11.5,58,0.983171163,1.096352873
Becker,2021,CHIPS,Becker_2021,18,11,2,MN19TX18211-3,21.703,1.060718711,12.5,56,0.982041819,1.198590547
Becker,2021,CHIPS,Becker_2021,19,10,2,MN19AF6866-13,30.384,1.064030132,12.4,56.6,0.968304989,1.135222734
Becker,2021,CHIPS,Becker_2021,20,9,2,MN19TX18120-1,55.545,1.068403909,13.7,55.6,0.985766015,1.131005797
Becker,2021,CHIPS,Becker_2021,21,8,2,MN18W17037-27,30.723,1.064629847,11.9,56.3,0.987159149,1.049609784
Becker,2021,CHIPS,Becker_2021,22,7,2,MN18W17039-25,56.901,1.070484581,13.8,54.3,0.984360268,1.149751054
Becker,2021,CHIPS,Becker_2021,23,6,2,MN19AF6869-19,23.873,1.068206821,12.7,57.2,0.97952051,1.124568167
Becker,2021,CHIPS,Becker_2021,24,5,2,Lamoka,39.675,1.074881517,12,56.3,0.976205069,1.224922162
Becker,2021,CHIPS,Becker_2021,25,4,2,W17060-22,65.243,1.071269488,12.2,58,0.98574267,1.092155364
Becker,2021,CHIPS,Becker_2021,26,3,2,W17065-21,49.645,1.068157614,12.3,57.3,0.983386979,1.195368152
Becker,2021,CHIPS,Becker_2021,27,2,2,MN18W17057-1,28.485,1.063599459,11.6,57.2,0.985187994,1.105868035
Becker,2021,CHIPS,Becker_2021,28,1,2,MN19AF6866-11,20.957,1.057432432,7.4,63.8,0.986665483,1.088582243
Becker,2021,CHIPS,Becker_2021,29,1,3,MN19AF6866-1,19.397,1.05800464,10,59.4,0.968606569,1.06415012
Becker,2021,CHIPS,Becker_2021,30,2,3,MN19TX18092-1,47.067,1.053719008,13.3,57,0.988746639,1.108563448
Becker,2021,CHIPS,Becker_2021,31,3,3,Lamoka,29.773,1.06122449,9.8,59.5,NA,NA
Becker,2021,CHIPS,Becker_2021,32,4,3,MN18W17065-4,46.728,1.063202247,7.3,64.8,0.973884871,1.222905674
Becker,2021,CHIPS,Becker_2021,33,5,3,MN19TX18031-1,48.356,1.064421669,10.1,59.1,0.983700275,1.060752025
Becker,2021,CHIPS,Becker_2021,34,6,3,MN19TX18280-1,38.861,1.059633028,10.4,59.6,0.982918175,1.111959307
Becker,2021,CHIPS,Becker_2021,35,7,3,MN19AF6866-9,25.229,1.055993001,11.2,61,0.981849351,1.091299924
Becker,2021,CHIPS,Becker_2021,36,8,3,MN18W17037-26,35.267,1.065488565,15.3,54.3,0.984900206,1.051102861
Becker,2021,CHIPS,Becker_2021,37,9,3,MN18W17043-6,43.269,1.068846816,12.4,55.9,0.98037755,1.179577933
Becker,2021,CHIPS,Becker_2021,38,10,3,MN19TX18093-1,74.196,1.073407202,12.9,55.3,0.979071976,1.12291217
Becker,2021,CHIPS,Becker_2021,39,11,3,MN18W17037-38,29.027,1.054763691,12.7,55.6,0.984768797,1.124725358
Becker,2021,CHIPS,Becker_2021,40,12,3,MN18AF6730-6,26.247,1.062865497,12.6,55.3,0.980654287,1.093556611
Becker,2021,CHIPS,Becker_2021,41,13,3,MN18W17039-25,39.336,1.066787004,10.2,61.5,0.987199328,1.1131954
Becker,2021,CHIPS,Becker_2021,42,14,3,MN18AF6658-5,35.809,1.065,11.3,58.3,0.984495704,1.100097845
Becker,2021,CHIPS,Becker_2021,43,14,4,MN19AF6869-7,24.008,1.066478076,13.2,55.6,0.990054934,1.110229514
Becker,2021,CHIPS,Becker_2021,44,13,4,MN18W17052-6,21.974,1.066460587,11.6,56.8,0.9884546,1.054799169
Becker,2021,CHIPS,Becker_2021,45,12,4,MN18W17065-2,37.912,1.063610851,11.8,57.1,0.984112012,1.047145111
Becker,2021,CHIPS,Becker_2021,46,11,4,MN18AF6717-2,33.3,1.070615034,9.5,59.5,0.982209823,1.066202091
Becker,2021,CHIPS,Becker_2021,47,10,4,MN18W17037-34,79.96,1.068287037,7.6,63.2,0.977142313,1.226400848
Becker,2021,CHIPS,Becker_2021,48,9,4,Snowden,59.139,1.067662566,13.9,54,0.97614035,1.104294219
Becker,2021,CHIPS,Becker_2021,49,8,4,Lamoka,50.798,1.06455542,11.6,56.2,0.981117168,1.161701537
Becker,2021,CHIPS,Becker_2021,50,7,4,MSFF077-4,30.858,1.061105723,6.6,67.3,0.979095183,NA
Becker,2021,CHIPS,Becker_2021,51,6,4,W17AF6670-1,38.319,1.071593533,13.4,56.5,0.984380942,1.235391931
Becker,2021,CHIPS,Becker_2021,52,5,4,MN19TX18304-1,60.225,1.07651913,13.7,54.1,0.971677165,1.173845885
Becker,2021,CHIPS,Becker_2021,53,4,4,MSFF097-6,65.243,1.073639274,8.6,63.4,0.976826435,1.107514368
Becker,2021,CHIPS,Becker_2021,54,3,4,MN19AF6866-16,69.516,1.070857143,15.1,52.8,0.988098925,1.076691576
Becker,2021,CHIPS,Becker_2021,55,2,4,MSFF007-2,58.393,1.075032342,9.5,63,0.986081046,1.114013267
Becker,2021,CHIPS,Becker_2021,56,1,4,ND14165AB-2,59.072,1.066746126,11.2,58.2,0.983624833,1.172116702
Becker,2021,CHIPS,Becker_2021,57,1,5,MN19TX18171-1,30.384,1.06962963,10.5,58.6,0.975413927,1.100335425
Becker,2021,CHIPS,Becker_2021,58,2,5,MN19TX18032-1,43.88,1.066605839,10.9,58.6,0.981223708,1.073020794
Becker,2021,CHIPS,Becker_2021,59,3,5,MN19TX18032-10,32.147,1.056206089,9,61.8,0.979690022,1.149162937
Becker,2021,CHIPS,Becker_2021,60,4,5,MN19AF6869-8,51.272,1.06042885,11.2,57.6,0.987037772,1.057211762
Becker,2021,CHIPS,Becker_2021,61,5,5,MN19TX18212-8,48.695,1.062080537,15.5,52.5,0.988222947,1.139034136
Becker,2021,CHIPS,Becker_2021,62,6,5,MN18AF6730-5,35.945,1.070264766,11.7,57.9,0.986238341,1.108481262
Becker,2021,CHIPS,Becker_2021,63,7,5,MN18AF6643-13,33.978,1.066872428,12.3,57.5,0.963195751,NA
Becker,2021,CHIPS,Becker_2021,64,8,5,Lamoka,21.974,1.076455256,NA,NA,NA,NA
Becker,2021,CHIPS,Becker_2021,65,9,5,MN18W17052-15,12.479,1.078534031,NA,NA,NA,NA
Becker,2021,CHIPS,Becker_2021,66,10,5,MSFF017-1,38.726,1.073504274,11.5,59.05,0.989878816,1.055635959
Becker,2021,CHIPS,Becker_2021,67,11,5,MN19AF6866-10,22.177,1.063072228,11.9,58.3,0.987546805,1.030637822
Becker,2021,CHIPS,Becker_2021,68,12,5,Lamoka,25.161,1.066585956,9.6,63.1,0.95991737,1.159336908
Becker,2021,CHIPS,Becker_2021,69,13,5,MN19AF6869-6,15.938,1.064179104,8.3,65.1,NA,1.205073792
Becker,2021,CHIPS,Becker_2021,70,14,5,MN19TX18010-1,28.688,1.061904762,8.8,66.6,0.98534994,1.071881607
Becker,2021,CHIPS,Becker_2021,71,14,6,MN18AF6730-6,30.316,1.058007566,13.2,55.9,0.983346981,1.060002093
Becker,2021,CHIPS,Becker_2021,72,13,6,MN19AF6869-12,26.179,1.059076262,12.3,57.9,0.988676826,1.075013235
Becker,2021,CHIPS,Becker_2021,73,12,6,Atlantic,52.425,1.069584736,10.1,59.9,0.980828222,1.101760925
Becker,2021,CHIPS,Becker_2021,74,11,6,MSFF037-17,66.803,1.068994889,10.9,59.2,0.984065935,1.097264793
Becker,2021,CHIPS,Becker_2021,75,10,6,MN18W17039-5,34.792,1.071993671,13.8,55.7,0.991807163,1.002784634
Becker,2021,CHIPS,Becker_2021,76,9,6,MN18AF6643-13,36.216,NA,14.85,53.5,0.985332096,1.053245463
Becker,2021,CHIPS,Becker_2021,77,8,6,MN18AF6718-1,35.809,1.06377551,9.5,62.65,0.98509946,1.032196474
Becker,2021,CHIPS,Becker_2021,78,7,6,MN18W17043-2,46.457,1.072088725,15.05,55.825,0.986660994,1.020312668
Becker,2021,CHIPS,Becker_2021,79,6,6,MN18W17037-21,30.248,1.068435754,10.2,60.7,0.981759241,1.092735188
Becker,2021,CHIPS,Becker_2021,80,5,6,ND14246CAB-4,54.867,1.063897764,10.275,59.825,0.968035641,1.078774757
Becker,2021,CHIPS,Becker_2021,81,4,6,Lamoka,53.782,1.069892473,8.6,61.85,NA,NA
Becker,2021,CHIPS,Becker_2021,82,3,6,W17066-34,53.307,1.075925926,12.975,56.525,0.98237142,1.181459256
Becker,2021,CHIPS,Becker_2021,83,2,6,MN19AF6866-6,37.64,1.066371681,10.8,58.6,0.986548448,1.046545111
Becker,2021,CHIPS,Becker_2021,84,1,6,MN18W17037-34,41.574,1.064566929,10,60.5,0.982152302,1.111851559
Becker,2021,CHIPS,Becker_2021,85,1,7,MN18AF6717-6,43.541,1.053159478,9.7,59.7,0.983010338,1.137175607
Becker,2021,CHIPS,Becker_2021,86,2,7,MN19AF6866-4,41.71,1.064476886,11.8,57.2,0.988141239,1.075441347
Becker,2021,CHIPS,Becker_2021,87,3,7,MN18AF6675-2,65.515,1.063414634,11.9,57.2,0.970952675,1.06527137
Becker,2021,CHIPS,Becker_2021,88,4,7,MN19AF6892-2,29.027,1.06557377,10.8,59.6,0.988413134,1.045841164
Becker,2021,CHIPS,Becker_2021,89,5,7,MN19TX18014-1,17.023,1.05982906,10.8,58.2,0.982957583,1.099992747
Becker,2021,CHIPS,Becker_2021,90,6,7,MN19TX18073-1,44.287,1.066725198,13.6,54.6,0.978593847,1.119247428
Becker,2021,CHIPS,Becker_2021,91,7,7,MN19AF6869-21,17.972,1.05984556,13.2,56.4,0.988641506,1.160230035
Becker,2021,CHIPS,Becker_2021,92,8,7,MN18W17052-4,50.119,1.08974359,13.9,54.9,0.980041852,1.080550697
Becker,2021,CHIPS,Becker_2021,93,9,7,Lamoka,47.678,1.06448683,10.3,60.8,0.963444424,NA
Becker,2021,CHIPS,Becker_2021,94,10,7,ND14247CAB-4,65.243,1.077762619,12.9,56.1,0.985206211,1.062117183
Becker,2021,CHIPS,Becker_2021,95,11,7,Atlantic,51.137,1.079589217,11.675,58.825,0.972178019,1.0826851
Becker,2021,CHIPS,Becker_2021,96,12,7,MN19TX18212-7,33.91,1.060606061,9.8,58.8,0.9857817,1.059264816
Becker,2021,CHIPS,Becker_2021,97,13,7,W17039-31,65.922,1.069873998,10.6,44.9,0.990392013,1.105257637
Becker,2021,CHIPS,Becker_2021,98,14,7,MN19AF6892-9,40.896,1.073770492,10.45,62.55,0.984147251,1.129720567
Becker,2021,CHIPS,Becker_2021,99,14,8,MN18W17037-11,26.857,1.0625,9.7,63.7,0.990044627,1.006694368
Becker,2021,CHIPS,Becker_2021,100,13,8,MSFF292-1,34.656,1.063229572,13.4,55.1,0.98767493,1.031739197
Becker,2021,CHIPS,Becker_2021,101,12,8,W17043-37,71.076,1.072,13,54.1,0.986734157,1.066480945
Becker,2021,CHIPS,Becker_2021,102,11,8,MSFF036-1,54.256,1.063591022,12.4,56.5,0.985979041,1.051682705
Becker,2021,CHIPS,Becker_2021,103,10,8,MN18AF6725-1,34.724,1.104304636,12.6,55.45,0.985433705,1.099709718
Becker,2021,CHIPS,Becker_2021,104,9,8,MSFF022-2,43.676,1.064133017,11.75,57.15,0.987998071,1.084515056
Becker,2021,CHIPS,Becker_2021,105,8,8,MSFF058-1,43.134,1.064649243,12.15,58.6,0.9734553,1.102720759
Becker,2021,CHIPS,Becker_2021,106,7,8,W17067-1,61.31,1.06952381,14.9,53.2,0.977600693,1.200576039
Becker,2021,CHIPS,Becker_2021,107,6,8,MN19AF6869-13,38.929,1.062162162,18,48.3,0.982515221,1.066271019
Becker,2021,CHIPS,Becker_2021,108,5,8,ND14138AB-9,57.376,1.070154578,12.6,56.4,0.988802691,1.050342103
Becker,2021,CHIPS,Becker_2021,109,4,8,MN18AF6658-5,37.776,1.069767442,13.625,56.175,0.980733822,1.077710339
Becker,2021,CHIPS,Becker_2021,110,3,8,W17AF6685-2,57.376,1.070721358,11.35,59.25,0.97380796,1.169971518
Becker,2021,CHIPS,Becker_2021,111,2,8,Lamoka,48.899,1.069333333,10.6,60.1,0.978248538,1.139276365
Becker,2021,CHIPS,Becker_2021,112,1,8,MN19TX18032-5,37.912,1.056955093,10.2,60.9,0.98337251,1.069299744
Becker,2021,CHIPS,Becker_2021,113,1,9,MN19AF6866-14,46.389,1.069101678,10.3,58.3,0.982316371,1.145977877
Becker,2021,CHIPS,Becker_2021,114,2,9,MSFF061-1,47.746,1.071135431,12.5,57.9,0.968489851,NA
Becker,2021,CHIPS,Becker_2021,115,3,9,W17067-13,39.743,1.069196429,15.2,52.6,0.988674178,1.039924668
Becker,2021,CHIPS,Becker_2021,116,4,9,MSFF206-1,60.699,NA,8.5,62.4,0.974798171,1.159388646
Becker,2021,CHIPS,Becker_2021,117,5,9,MN18AF6675-2,36.081,1.066842568,11.3,58.1,0.979445207,1.072891727
Becker,2021,CHIPS,Becker_2021,118,6,9,MN18W17037-26,31.062,1.062868369,12.6,56.8,0.981241236,1.24609375
Becker,2021,CHIPS,Becker_2021,119,7,9,MN18W17043-3,44.016,1.065433855,12.1,56.7,0.985994655,1.119869363
Becker,2021,CHIPS,Becker_2021,120,8,9,MN19TX18032-7,29.841,1.06920904,12,57,0.985514761,1.109710589
Becker,2021,CHIPS,Becker_2021,121,9,9,MN18AF6717-6,39.268,1.05802969,12.1,57.8,0.966579692,1.267241379
Becker,2021,CHIPS,Becker_2021,122,10,9,Lamoka,42.32,1.062427746,NA,NA,NA,NA
Becker,2021,CHIPS,Becker_2021,123,11,9,MN19TX18188-1,19.125,1.049250535,15.75,55.25,0.987674187,1.03939328
Becker,2021,CHIPS,Becker_2021,124,12,9,MN19AF6869-5,27.467,1.057142857,10.6,58.9,0.988346414,1.06263329
Becker,2021,CHIPS,Becker_2021,125,13,9,W17039-7,71.754,1.064971751,12.7,56.2,0.984251997,1.05898606
Becker,2021,CHIPS,Becker_2021,126,14,9,MN19TX18171-3,24.89,1.060209424,12,58.1,0.984640416,1.10218982
Becker,2021,CHIPS,Becker_2021,127,14,10,W17066-11,40.15,1.065909091,7.8,64.9,NA,1.071216445
Becker,2021,CHIPS,Becker_2021,128,13,10,MN18AF6730-5,34.521,1.06640625,10.1,60.15,0.976464734,1.184587577
Becker,2021,CHIPS,Becker_2021,129,12,10,MN19AF6869-9,25.975,1.064285714,10.4,60.9,0.987597737,1.085645306
Becker,2021,CHIPS,Becker_2021,130,11,10,MN19AF6866-8,22.72,1.060885609,12.9,54.3,0.969415492,NA
Becker,2021,CHIPS,Becker_2021,131,10,10,ND14251B-5,18.379,1.069057105,10.2,60.1,0.981733616,1.0749304
Becker,2021,CHIPS,Becker_2021,132,9,10,MN19TX18280-2,37.505,1.074030552,NA,NA,NA,NA
Becker,2021,CHIPS,Becker_2021,133,8,10,ND14199CAB-5,63.48,1.073487032,12,56.2,0.96575485,NA
Becker,2021,CHIPS,Becker_2021,134,7,10,MN19AF6867-3,36.148,1.06981982,NA,NA,NA,NA
Becker,2021,CHIPS,Becker_2021,135,6,10,MN19TX18014-4,20.414,1.064755839,NA,NA,NA,NA
Becker,2021,CHIPS,Becker_2021,136,5,10,ND14163AB-4,25.365,1.082304527,12.8,54.7,0.986363613,1.031937406
Becker,2021,CHIPS,Becker_2021,137,4,10,MN18W17037-38,23.059,1.059225513,10.1,58.5,0.988586807,1.174788041
Becker,2021,CHIPS,Becker_2021,138,3,10,MN18W17043-12,79.35,1.081453634,11,58.9,0.981321467,1.082000328
Becker,2021,CHIPS,Becker_2021,139,2,10,ND14247CAB-2,70.872,1.069047619,9.8,57.55,0.97840755,1.109366198
Becker,2021,CHIPS,Becker_2021,140,1,10,Lamoka,39.607,1.072992701,8.5,62.2,0.972586358,1.128409332
Becker,2021,CHIPS,Becker_2021,141,1,11,MN18W17043-17,67.956,1.073024055,11.1,58.5,0.987861528,1.078428204
Becker,2021,CHIPS,Becker_2021,142,2,11,MN18AF6728-7,76.23,1.067846608,10.7,57.2,0.984880701,1.129502107
Becker,2021,CHIPS,Becker_2021,143,3,11,MN19TX18171-6,43.744,1.066841415,10.85,58.25,0.983204603,1.09880632
Becker,2021,CHIPS,Becker_2021,144,4,11,MN18W17037-11,26.247,1.073593074,10.7,57.7,0.987413255,1.093403727
Becker,2021,CHIPS,Becker_2021,145,5,11,MSFF050-1,21.77,1.068511199,12.95,55.05,0.986155658,1.055781753
Becker,2021,CHIPS,Becker_2021,146,6,11,Lamoka,27.942,1.070621469,11.9,57.4,0.967946321,1.213748068
Becker,2021,CHIPS,Becker_2021,147,7,11,MN19AF6892-13,24.822,1.067193676,14.7,51.4,0.991692272,1.063641327
Becker,2021,CHIPS,Becker_2021,148,8,11,MN19AF6892-10,30.18,1.066901408,15.2,51.4,0.986101775,1.115785602
Becker,2021,CHIPS,Becker_2021,149,9,11,ND14192B-1,78.943,1.070721358,13.6,53.1,0.990782773,1.103370787
Becker,2021,CHIPS,Becker_2021,150,10,11,MN19TX18032-9,43.541,1.063218391,11.9,55.3,0.98606673,1.107413339
Becker,2021,CHIPS,Becker_2021,151,11,11,MN18TX17748-2,38.59,1.067524116,10.7,57.1,0.990428261,1.083292424
Becker,2021,CHIPS,Becker_2021,152,12,11,MN19TX18032-18,33.639,1.066812705,11,57.4,0.985728824,1.103735858
Becker,2021,CHIPS,Becker_2021,153,13,11,W17049-10,49.984,1.059336824,7.375,63.875,0.979007629,1.151612804
Becker,2021,CHIPS,Becker_2021,154,14,11,MN18W17039-5,54.053,1.071570577,12.9,56.8,0.983915282,1.140896136
Becker,2021,CHIPS,Becker_2021,155,14,12,MN19TX18260-1,22.788,1.067919075,10.2,61.9,0.986236049,1.045227497
Becker,2021,CHIPS,Becker_2021,156,13,12,MSFF303-3,48.288,1.05862069,12.1,59,0.983240117,1.102205259
Becker,2021,CHIPS,Becker_2021,157,12,12,ND14193ABC-4,37.437,1.063917526,11.5,58.75,0.979242442,1.047594164
Becker,2021,CHIPS,Becker_2021,158,11,12,MN19AF6869-15,13.971,1.062753036,10.55,60.025,0.985080901,1.084248784
Becker,2021,CHIPS,Becker_2021,159,10,12,MN18W17057-5,16.277,1.087108014,13.7,56.2,0.968717341,1.181950661
Becker,2021,CHIPS,Becker_2021,160,9,12,MN18AF6717-2,28.281,1.064748201,9.7,58.9,NA,NA
Becker,2021,CHIPS,Becker_2021,161,8,12,MSFF206-2,40.285,1.064785789,9.6,57.4,0.985377798,1.048416369
Becker,2021,CHIPS,Becker_2021,162,7,12,Lamoka,24.551,1.063039724,7.625,63.3,0.97704826,1.125279987
Becker,2021,CHIPS,Becker_2021,163,6,12,W17037-3,57.308,1.066427289,6.4,71.9,0.974631326,1.161620108
Becker,2021,CHIPS,Becker_2021,164,5,12,MN19TX18211-1,43.405,1.064200218,12.6,57.8,0.97608435,1.124448808
Becker,2022,CHIPS,Becker_2022,1,1,2,Snowden,10.134,1.076342212,5.6,66.75,0.982728534,1.142341991
Becker,2022,CHIPS,Becker_2022,2,2,2,ND176Y-1,39.024,1.007080595,5.8,62.3,0.989425032,1.151632483
Becker,2022,CHIPS,Becker_2022,3,3,2,MN19AF6869-13,38,1.079505161,4.3,57.7,0.984106514,1.08305433
Becker,2022,CHIPS,Becker_2022,4,4,2,Superior,10.517,1.064238543,4.2,50.6,0.986395225,1.071262568
Becker,2022,CHIPS,Becker_2022,5,5,2,MN18W17043-12,52.353,1.090126371,5.05,62.15,0.981910022,1.106540852
Becker,2022,CHIPS,Becker_2022,6,6,2,MN18AF6717-6,22.076,1.059218974,5.45,62.2,0.988973108,1.107544279
Becker,2022,CHIPS,Becker_2022,7,7,2,MN18W17043-6,43.189,1.074136682,5.6,55.55,0.984188901,1.125119393
Becker,2022,CHIPS,Becker_2022,8,8,2,MN19TX18212-7,41.682,1.05775076,5.7,61.65,0.983060015,1.134990819
Becker,2022,CHIPS,Becker_2022,9,9,2,MN18W17037-33,70.051,1.075757576,5.65,60.3,0.976154752,1.206174373
Becker,2022,CHIPS,Becker_2022,10,10,2,MSGG365-1,54.921,1.076857143,8.3,54.6,0.98751215,1.098390189
Becker,2022,CHIPS,Becker_2022,11,11,2,MSGG863-A2,36.25,1.072286513,5.05,59.1,0.984442885,1.048245876
Becker,2022,CHIPS,Becker_2022,12,12,2,MN18W17039-25,35.63,1.080451729,5.5,64.4,0.983878587,1.073908771
Becker,2022,CHIPS,Becker_2022,13,13,2,MSGG263-1,30.228,1.076503459,5.65,61.15,0.983724227,1.153005095
Becker,2022,CHIPS,Becker_2022,14,14,2,MN19TX18032-7,31.004,1.075032788,4.5,63.55,0.989703175,1.093427793
Becker,2022,CHIPS,Becker_2022,15,15,2,MSGG409-2,29.265,1.007132395,4.9,56.85,0.98388057,1.093806441
Becker,2022,CHIPS,Becker_2022,16,16,2,Cascade,26.881,1.064408291,4.9,59.95,NA,NA
Becker,2022,CHIPS,Becker_2022,17,17,2,MSGG690-1,27.739,1.065366972,5.6,56.55,0.983841268,1.07054308
Becker,2022,CHIPS,Becker_2022,18,18,2,MN04844,25.652,1.064454539,8.7,51.6,0.977001958,1.126232417
Becker,2022,CHIPS,Becker_2022,19,19,2,MN19TX18054-2,30.241,1.061613658,4.2,63.8,0.985078441,1.102102201
Becker,2022,CHIPS,Becker_2022,20,20,2,W19002-7,20.428,1.065438913,5.8,61.4,0.971743267,1.220011671
Becker,2022,CHIPS,Becker_2022,21,21,2,W19009-25,32.669,1.005817243,7.4,60.3,0.984928911,1.094765096
Becker,2022,CHIPS,Becker_2022,22,22,2,MN18AF6648-10,32.992,1.055418817,7.1,61.4,0.985389256,1.169075427
Becker,2022,CHIPS,Becker_2022,23,23,2,MSHH664-1,60.889,1.06895685,7,59.4,0.985740726,1.081428132
Becker,2022,CHIPS,Becker_2022,24,23,3,ND14348ABC-1,NA,1.064044294,6.1,59,0.989090579,1.070264336
Becker,2022,CHIPS,Becker_2022,25,22,3,W19021-4,46.078,1.073501676,6.5,58.5,0.976854096,1.012549802
Becker,2022,CHIPS,Becker_2022,26,21,3,MSGG409-3,106.525,1.083904929,8,63.7,0.982738248,1.145657038
Becker,2022,CHIPS,Becker_2022,27,20,3,MSGG212-4,45.453,1.084774839,8.1,58.7,0.989686427,1.068407217
Becker,2022,CHIPS,Becker_2022,28,19,3,MN19AF6866-9,35.332,1.07890678,7.8,57.2,0.988541467,1.080581579
Becker,2022,CHIPS,Becker_2022,29,18,3,MN19AF6892-9,54.914,1.085836078,6.7,49.2,0.978925745,1.114720838
Becker,2022,CHIPS,Becker_2022,30,17,3,MN20CO18127-3,58.115,1.071920956,6.4,53.1,0.976504932,1.228166944
Becker,2022,CHIPS,Becker_2022,31,16,3,MSGG282-20,29.692,1.066783603,4.8,58.65,0.984059897,1.045761705
Becker,2022,CHIPS,Becker_2022,32,15,3,MN18W17057-5,15.643,1.074497657,7.8,56.2,0.986694024,1.068116178
Becker,2022,CHIPS,Becker_2022,33,14,3,W19022-2,20.78,1.077865207,5.95,59.65,0.989263442,1.132795587
Becker,2022,CHIPS,Becker_2022,34,13,3,MSGG181-5,31.835,1.064935065,7.3,57.6,0.981595531,1.079186721
Becker,2022,CHIPS,Becker_2022,35,12,3,MN18AF6643-13,21.067,1.075334028,6.2,61.9,0.986534816,1.047124377
Becker,2022,CHIPS,Becker_2022,36,11,3,MN18W17043-17,37.993,1.083368852,7.5,54.1,0.986400463,1.090223562
Becker,2022,CHIPS,Becker_2022,37,10,3,MN19AF6866-14,48.37,1.074253654,7.4,55.4,0.982498979,1.074245227
Becker,2022,CHIPS,Becker_2022,38,9,3,MSGG242-1,36.576,1.074684538,8.5,51.4,0.985466813,1.051239832
Becker,2022,CHIPS,Becker_2022,39,8,3,MN18AF6730-5,33.078,1.063438465,8.1,48.7,0.98565379,1.109780462
Becker,2022,CHIPS,Becker_2022,40,7,3,W19023-4,27.128,1.069430793,7.7,53.9,0.990228942,1.082422278
Becker,2022,CHIPS,Becker_2022,41,6,3,MN20CO18192-1,45.093,1.083796026,8.9,55.5,0.983813115,1.130464333
Becker,2022,CHIPS,Becker_2022,42,5,3,W19024-22,31.177,1.089248231,6.2,57.8,0.989329882,1.102761145
Becker,2022,CHIPS,Becker_2022,43,4,3,ND1780-2,21.445,1.06777057,6.8,55.6,0.981246074,1.221602789
Becker,2022,CHIPS,Becker_2022,44,3,3,W19031-7,31.435,1.073750991,7.4,54,0.986317614,1.159697819
Becker,2022,CHIPS,Becker_2022,45,2,3,MN18AF6730-6,26.466,1.06321002,6.9,54.1,0.983188819,1.098940254
Becker,2022,CHIPS,Becker_2022,46,1,3,MN18AF6658-5,17.583,1.075194335,7.2,64.5,0.988157215,1.070727154
Becker,2022,CHIPS,Becker_2022,47,1,4,W19024-20,33.076,1.084172823,7.5,63.55,0.985507204,1.112666964
Becker,2022,CHIPS,Becker_2022,48,2,4,MN19AF6867-3,42.286,1.08002788,8.4,55.55,0.965028164,1.252223291
Becker,2022,CHIPS,Becker_2022,49,3,4,MN19TX18188-1,48.118,1.060882271,5.9,57.75,0.986604666,1.129140359
Becker,2022,CHIPS,Becker_2022,50,4,4,W19022-5,53.829,1.074021012,5.6,59.1,0.981739088,1.116796202
Becker,2022,CHIPS,Becker_2022,51,5,4,MSGG195-1,56.406,1.075507073,6.1,58.9,0.965685342,1.224415374
Becker,2022,CHIPS,Becker_2022,52,6,4,MN18W17065-4,24.243,1.068924846,5.9,62.25,0.983622823,1.089799674
Becker,2022,CHIPS,Becker_2022,53,7,4,W19031-8,53.267,1.084364516,5.8,59.95,0.982506575,1.065028871
Becker,2022,CHIPS,Becker_2022,54,8,4,MSGG343-1,35.952,1.084986113,7.25,58.15,0.975207917,1.074112595
Becker,2022,CHIPS,Becker_2022,55,9,4,MSGG207-1,61.866,1.058853035,7.8,55.9,0.990672374,1.079925854
Becker,2022,CHIPS,Becker_2022,56,10,4,Lamoka,31.035,1.071464672,-14.9,NA,0.965585336,1.209086374
Becker,2022,CHIPS,Becker_2022,57,11,4,Atlantic,61.649,1.073230411,6.05,70,0.981451213,1.165983047
Becker,2022,CHIPS,Becker_2022,58,12,4,ND1734-4,39.878,1.061215249,6.95,67.3,0.988545426,1.124973123
Becker,2022,CHIPS,Becker_2022,59,13,4,MSGG328-5,47.799,1.068326271,5.95,69.9,0.987695836,1.051503914
Becker,2022,CHIPS,Becker_2022,60,14,4,MN18W17037-34,27.099,1.085328218,7.9,74.95,0.978204255,1.08382664
Becker,2022,CHIPS,Becker_2022,61,15,4,MN19TX18280-2,39.792,1.059827044,8.1,54.9,0.978228055,1.212023205
Becker,2022,CHIPS,Becker_2022,62,16,4,MN18W17037-26,20.166,1.067954078,7.8,58.3,0.984020039,1.103354227
Becker,2022,CHIPS,Becker_2022,63,17,4,MN18W17052-4,40.774,1.086826347,222.4,NA,0.982355932,1.053874649
Becker,2022,CHIPS,Becker_2022,64,18,4,MN19TX18093-1,80.148,1.069091797,83.6,49.3,0.982789556,1.059269825
Becker,2022,CHIPS,Becker_2022,65,19,4,MN20ND17100-1,43.032,1.068400533,-93.9,69.3,NA,NA
Becker,2022,CHIPS,Becker_2022,66,20,4,MN20ND1810Y-98,44.395,1.060461846,7.45,59.45,0.984150144,1.107726502
Becker,2022,CHIPS,Becker_2022,67,21,4,MN19TX18211-1,63.918,1.070221753,562.5,NA,0.977467934,1.076376485
Becker,2022,CHIPS,Becker_2022,68,22,4,MN18W17052-6,33.532,1.08422654,5.95,66.65,0.983930133,1.160122861
Becker,2022,CHIPS,Becker_2022,69,23,4,MN19TX18260-1,55.735,NA,6.6,67.05,0.972597011,1.16175478
Becker,2022,CHIPS,Becker_2022,70,23,5,MN18W17037-27,46.565,NA,9,61.6,0.987085358,1.069691482
Becker,2022,CHIPS,Becker_2022,71,22,5,W19005-5,57.58,NA,6.75,67.8,0.982387868,1.101394213
Becker,2022,CHIPS,Becker_2022,72,21,5,W19021-2,24.388,NA,6,67.85,0.980644943,1.100179015
Becker,2022,CHIPS,Becker_2022,73,20,5,W19003-6,42.666,NA,7.55,61.2,0.989488272,1.05368761
Becker,2022,CHIPS,Becker_2022,74,19,5,MN19TX18032-1,46.991,NA,6.1,69.1,0.986180392,1.125834065
Becker,2022,CHIPS,Becker_2022,75,18,5,MSGG294-1,45.989,NA,6.35,69.35,0.986316302,1.130480043
Becker,2022,CHIPS,Becker_2022,76,17,5,MN19TX18032-10,25.526,NA,6,66.7,0.98499911,1.136266935
Becker,2022,CHIPS,Becker_2022,77,16,5,MN19AF6869-7,32.907,NA,6.35,66.8,0.983555533,1.071309919
Becker,2022,CHIPS,Becker_2022,78,15,5,W19018-3,31.001,NA,5.75,65.75,0.97983031,1.08455571
Becker,2022,CHIPS,Becker_2022,79,14,5,ND1776-8,31.577,NA,7.1,65.4,0.990564213,1.040579868
Becker,2022,CHIPS,Becker_2022,80,13,5,W19028-32,23.988,NA,6.8,64.45,0.981978305,1.019959223
Becker,2022,CHIPS,Becker_2022,81,12,5,MN19AF6866-1,30.598,NA,8.5,58.25,0.983091448,1.129246633
Becker,2022,CHIPS,Becker_2022,82,11,5,MN19TX18304-1,70.382,NA,7.3,59.95,0.972543035,1.161821794
Becker,2022,CHIPS,Becker_2022,83,10,5,MN19TX18120-1,27.908,NA,8.6,61.15,0.98570346,1.135154944
Becker,2022,CHIPS,Becker_2022,84,9,5,MN18W17043-2,49.159,NA,6.7,69.6,0.989574799,1.075456435
Becker,2022,CHIPS,Becker_2022,85,8,5,MN18TX17748-2,50.458,NA,6.85,62.4,0.979598972,1.11770371
Becker,2022,CHIPS,Becker_2022,86,7,5,MN19TX18032-5,39.651,NA,8.4,66.25,0.986309613,1.077434454
Becker,2022,CHIPS,Becker_2022,87,6,5,W19024-6,26.294,NA,6.75,66.8,0.986552171,1.046771679
Becker,2022,CHIPS,Becker_2022,88,5,5,W19024-29,49.32,NA,6.35,62.5,0.983319324,1.078849459
Becker,2022,CHIPS,Becker_2022,89,4,6,MN18W17039-5,54.859,NA,NA,NA,0.963107614,1.262052586
Becker,2022,CHIPS,Becker_2022,90,5,6,MN18W17037-34,44.535,NA,6.7,64.85,0.982001015,1.118764981
Becker,2022,CHIPS,Becker_2022,92,7,6,W19022-12,49.231,1.067638924,7.35,61.15,0.981813703,1.106780706
Becker,2022,CHIPS,Becker_2022,93,8,6,W19023-17,28.796,1.077234975,NA,NA,0.963107614,1.262052586
Becker,2022,CHIPS,Becker_2022,94,9,6,MN18W17037-27,31.618,1.071018062,8.25,54.45,0.978587514,1.114752877
Becker,2022,CHIPS,Becker_2022,95,10,6,MN19TX18260-1,59.709,1.073454317,6.05,57.7,0.983458208,1.11072562
Becker,2022,CHIPS,Becker_2022,96,11,6,W19009-22,42.842,1.07845805,9.25,56.95,0.9844262,1.103598071
Becker,2022,CHIPS,Becker_2022,97,12,6,W19015-4,46.979,1.095211054,6.15,60.15,0.98810837,1.104528883
Becker,2022,CHIPS,Becker_2022,98,13,6,W19012-28,36.888,1.093353663,7.5,56.25,0.979819612,1.040211933
Becker,2022,CHIPS,Becker_2022,99,14,6,W19015-3,52.764,1.088450748,5.3,61.55,0.98737691,1.070235635
Becker,2022,CHIPS,Becker_2022,100,15,6,MN19AF6892-9,38.549,1.091757802,5.9,61.1,0.98001377,1.069850182
Becker,2022,CHIPS,Becker_2022,101,16,6,MN18AF6730-6,30.16,1.065276136,5.95,57.2,0.98180589,1.073671245
Becker,2022,CHIPS,Becker_2022,102,17,6,MSGG302-3,18.298,1.074779976,6.15,57.8,0.973462555,1.232659103
Becker,2022,CHIPS,Becker_2022,103,18,6,MN18TX17730-8,46.009,1.073741512,5.8,61.05,0.983967778,1.076904753
Becker,2022,CHIPS,Becker_2022,104,19,6,MN19TX18032-7,48.143,1.072927519,6.3,59.25,0.980118391,1.129745317
Becker,2022,CHIPS,Becker_2022,105,20,6,MN20AF7145-2,50.608,1.071023216,6.25,61.85,0.983644386,1.138888889
Becker,2022,CHIPS,Becker_2022,106,21,6,MN18W17057-5,31.56,1.062383879,5,61.35,0.985647233,1.12415211
Becker,2022,CHIPS,Becker_2022,107,22,6,W19022-16,46.62,1.07163195,5.8,60.95,0.988609984,1.026214395
Becker,2022,CHIPS,Becker_2022,108,23,6,MN18W17043-17,24.955,1.087333719,6.05,62.4,0.988267605,1.107268226
Becker,2022,CHIPS,Becker_2022,109,23,7,MN04844,9.429,1.066868774,5.25,65.8,0.98253191,1.134209712
Becker,2022,CHIPS,Becker_2022,110,22,7,MN18W17043-12,74.929,1.078415341,6.8,58.95,0.976099591,1.184836295
Becker,2022,CHIPS,Becker_2022,111,21,7,MN18AF6658-5,50.693,1.071663469,7.65,60.5,0.987760966,1.083608362
Becker,2022,CHIPS,Becker_2022,112,20,7,MN19AF6869-7,41.397,1.075304243,5.45,58.35,0.986113604,1.123625613
Becker,2022,CHIPS,Becker_2022,113,19,7,MSGG194-3,88.472,1.075153692,7.3,59,0.988091926,1.098773279
Becker,2022,CHIPS,Becker_2022,114,18,7,MN18AF6730-5,68.449,1.068851021,5.65,55.7,0.979443727,1.154389802
Becker,2022,CHIPS,Becker_2022,115,17,7,W19024-17,25.507,1.064242798,6.05,50.25,0.989653769,1.045924276
Becker,2022,CHIPS,Becker_2022,116,16,7,MN19TX18280-2,29.611,1.066195484,7.9,46.3,0.985516017,1.046148212
Becker,2022,CHIPS,Becker_2022,117,15,7,MN19AF6866-1,41.373,1.068790465,6.15,61.15,0.983594233,1.055924353
Becker,2022,CHIPS,Becker_2022,118,14,7,MN19TX18188-1,26.356,1.062274269,6.7,68.35,0.983622254,1.048045287
Becker,2022,CHIPS,Becker_2022,119,13,7,MN18W17052-6,30.707,1.089883829,6.65,70,0.981606951,1.110963771
Becker,2022,CHIPS,Becker_2022,120,12,7,MN19AF6869-13,29.678,1.085638879,6.65,66.45,0.984063475,1.107208856
Becker,2022,CHIPS,Becker_2022,121,11,7,ND1741C-5,49.204,1.084362836,5.05,70,0.985024384,1.096273416
Becker,2022,CHIPS,Becker_2022,122,10,7,MN18AF6717-6,53.088,1.071550471,5.25,62.45,0.982897061,1.125923573
Becker,2022,CHIPS,Becker_2022,123,9,7,ND1734-7,46.322,1.070054505,6.5,67,0.981185144,1.062384421
Becker,2022,CHIPS,Becker_2022,124,8,7,MSGG268-4,47.414,1.073181049,6.25,63.95,0.982208856,1.124752475
Becker,2022,CHIPS,Becker_2022,125,7,7,ND14359ABC-3,28.967,1.066808874,5.15,64.05,0.984680824,1.151347307
Becker,2022,CHIPS,Becker_2022,126,6,7,W19029-14,43.745,1.081667619,6.4,63.4,0.986995396,1.114202457
Becker,2022,CHIPS,Becker_2022,127,5,7,W19016-2,26.023,1.078931751,5.85,65.05,0.984577899,1.093009197
Becker,2022,CHIPS,Becker_2022,128,4,7,ND1789-1,45.602,1.079593797,5.35,63.05,0.985983661,1.111556567
Becker,2022,CHIPS,Becker_2022,129,3,7,MN19TX18093-1,94.806,1.072325349,6.35,62.25,0.979246303,1.116792113
Becker,2022,CHIPS,Becker_2022,130,2,7,MN18AF6728-7,19.552,1.062339001,7.55,59.25,0.98938312,1.063694267
Becker,2022,CHIPS,Becker_2022,131,1,7,MSGG302-1,58.963,1.088641849,7.15,61.15,0.979310174,1.121263783
Becker,2022,CHIPS,Becker_2022,132,1,8,MN18AF6643-13,45.967,1.064900229,6.2,59.3,0.986147528,1.064021201
Becker,2022,CHIPS,Becker_2022,133,2,8,W19024-23,48.512,1.067795419,8.1,56.2,0.983929053,1.05052129
Becker,2022,CHIPS,Becker_2022,134,3,8,MN19AF6867-3,40.339,1.071163329,5.9,57.25,0.967444939,1.172561008
Becker,2022,CHIPS,Becker_2022,135,4,8,MN19TX18212-7,43.243,1.06194039,6.75,63.85,0.980822161,1.137794347
Becker,2022,CHIPS,Becker_2022,136,5,8,MSGG276-4,37.973,1.075684192,6.4,59,NA,1.221209116
Becker,2022,CHIPS,Becker_2022,137,6,8,MSGG221-3,81.438,1.073602776,8.8,58,0.983921559,1.073770407
Becker,2022,CHIPS,Becker_2022,138,7,8,MN18W17065-4,51.281,1.078281435,5.95,63.7,0.98072871,1.122633489
Becker,2022,CHIPS,Becker_2022,139,8,8,Atlantic,44.174,1.072948328,6.7,60.25,0.979096804,1.155436539
Becker,2022,CHIPS,Becker_2022,140,9,8,Cascade,60.022,1.056236839,6.95,64.3,NA,NA
Becker,2022,CHIPS,Becker_2022,141,10,8,MN19TX18032-1,30.879,1.066302172,6.8,54.25,0.986382271,1.087201393
Becker,2022,CHIPS,Becker_2022,142,11,8,MSGG190-4,53.518,1.086429061,7.75,58.05,0.987917762,1.06953684
Becker,2022,CHIPS,Becker_2022,143,12,8,W19024-16,30.764,1.087496327,6.2,64.9,0.987212046,1.075481946
Becker,2022,CHIPS,Becker_2022,144,13,8,W19024-15,34.738,1.081338465,7.3,62.5,0.982157793,1.197213291
Becker,2022,CHIPS,Becker_2022,145,14,8,MN19TX18032-10,26.363,1.067707573,6.7,61.9,0.978594428,1.021367521
Becker,2022,CHIPS,Becker_2022,146,15,8,MSGG349-3,22.944,1.06543131,8.4,53.3,0.968795649,NA
Becker,2022,CHIPS,Becker_2022,147,16,8,MN19TX18304-1,56.03,1.067934202,7.1,54.7,0.970203621,1.101561882
Becker,2022,CHIPS,Becker_2022,148,17,8,W19020-6,27.759,1.07192266,5.5,64.5,0.975798035,1.058628506
Becker,2022,CHIPS,Becker_2022,149,18,8,ND1776-11,38.542,1.070335034,6.6,63.3,0.986568948,1.053775607
Becker,2022,CHIPS,Becker_2022,150,19,8,MN18W17039-5,57.634,1.078402367,8.1,55.7,0.988553665,1.11551867
Becker,2022,CHIPS,Becker_2022,151,20,8,MN19TX18032-5,50.137,1.075720682,7.1,63.5,0.979510741,1.046687408
Becker,2022,CHIPS,Becker_2022,152,21,8,MSGG190-1,51.72,1.073533619,4.3,62.15,0.982330089,1.15520426
Becker,2022,CHIPS,Becker_2022,153,22,8,Superior,17.983,1.062899616,5.9,58.3,0.970959942,1.119430799
Becker,2022,CHIPS,Becker_2022,154,23,8,W19002-2,NA,1.076306684,7.4,56.4,0.985213363,1.068041951
Becker,2022,CHIPS,Becker_2022,155,23,9,MSGG384-2,NA,1.07106883,6.6,60.5,0.979248195,1.227088641
Becker,2022,CHIPS,Becker_2022,156,22,9,MN18AF6648-10,NA,1.07183932,7.6,62.6,0.987120416,1.110537235
Becker,2022,CHIPS,Becker_2022,157,21,9,MN18W17043-6,NA,1.08112062,5.3,62.7,0.986227719,1.078430866
Becker,2022,CHIPS,Becker_2022,158,20,9,MN19TX18120-1,NA,1.078959089,6.35,63.5,0.97752149,1.119172555
Becker,2022,CHIPS,Becker_2022,159,19,9,MN19AF6866-14,NA,1.074840322,5.8,61.6,0.982324088,1.177405729
Becker,2022,CHIPS,Becker_2022,160,18,9,MN20ND1810Y-98,NA,1.091119691,5.25,63.6,0.968373698,1.221405021
Becker,2022,CHIPS,Becker_2022,161,17,9,MN18W17039-25,NA,1.085889571,6.2,56.4,0.977375621,1.052923307
Becker,2022,CHIPS,Becker_2022,162,16,9,W19022-3,NA,1.07250379,8.1,54.2,0.98517461,1.08835854
Becker,2022,CHIPS,Becker_2022,163,15,9,MN20TX014-1,NA,1.069367606,7.6,49.6,0.988597314,1.055487306
Becker,2022,CHIPS,Becker_2022,164,14,9,MN18W17037-26,NA,1.077470769,7.9,53.2,0.978258691,1.183622343
Becker,2022,CHIPS,Becker_2022,165,13,9,MN18W17043-2,NA,1.091441724,6,57.4,0.983705512,1.100882489
Becker,2022,CHIPS,Becker_2022,166,12,9,MN20ND1810Y-297A,NA,1.071208531,7.2,50.7,0.988984217,1.052916229
Becker,2022,CHIPS,Becker_2022,167,11,9,MSGG426-2,NA,1.081937555,6.3,59.1,0.970721549,1.238509348
Becker,2022,CHIPS,Becker_2022,168,10,9,MN19AF6866-9,NA,1.078855304,7.3,48.7,0.979353292,1.186026288
Becker,2022,CHIPS,Becker_2022,169,9,9,W19028-6,NA,1.066792542,7.4,54.7,0.985779731,1.107338479
Becker,2022,CHIPS,Becker_2022,170,8,9,Snowden,NA,1.072935337,8.2,44.1,0.983798743,1.13803909
Becker,2022,CHIPS,Becker_2022,171,7,9,MN20CO18192-1,NA,1.08541175,8.7,53.8,0.986115819,1.102877555
Becker,2022,CHIPS,Becker_2022,172,6,9,Lamoka,NA,1.070658237,7.4,51.8,0.983099903,1.117118381
Becker,2022,CHIPS,Becker_2022,173,5,9,MN18W17052-4,NA,1.102134387,8,57.2,0.985924297,1.037776521
Becker,2022,CHIPS,Becker_2022,174,4,9,MN18TX17748-2,NA,1.075760629,7.1,58.9,0.984540139,1.092353045
Becker,2022,CHIPS,Becker_2022,175,3,9,MSGG169-2,NA,1.066466767,6.5,57.9,0.985761801,1.088861332
Becker,2022,CHIPS,Becker_2022,176,2,9,MN18W17037-33,NA,1.074098749,5.9,63.3,0.986593053,1.098254811
Becker,2022,CHIPS,Becker_2022,177,1,9,W19013-4,NA,1.077167171,7.2,63.4,0.988589534,1.077204651
Becker,2022,CHIPS,Becker_2022,178,4,5,MN19AF6866-13,NA,1.072264281,3.85,59.05,0.984696503,1.150060391
Becker,2022,CHIPS,Becker_2022,179,3,5,MN19AF6866-4,NA,1.090139087,7.9,61.4,0.986717185,1.112783496
Becker,2022,CHIPS,Becker_2022,180,3,6,MN19AF6866-12,NA,1.070992366,4.9,59.8,0.984477231,1.076873715