location,year,class,env,plot,range,row,id,yield,redness,lightness,roundness,lxw
Becker,2020,FM,Becker_2020,1,1,24,ND1241-1Y,263.78,7.85,55.55,0.991571475,1.064276303
Becker,2020,FM,Becker_2020,2,2,24,ND113091B-2RY,448.305,19.325,42.35,0.983164175,1.086122086
Becker,2020,FM,Becker_2020,3,3,24,ND1232B-2RY,422.29,23.55,28.75,0.962606762,1.326381537
Becker,2020,FM,Becker_2020,4,4,24,ND12128B-1R,391.435,8.8,51.8,0.982487659,1.159765921
Becker,2020,FM,Becker_2020,5,5,24,MSV093-1Y,249.865,8.2,56.1,0.976949142,1.122361111
Becker,2020,FM,Becker_2020,6,6,24,YukonGold,229.9,8.45,55.5,0.982770581,1.102249489
Becker,2020,FM,Becker_2020,7,7,24,ND102663B-3R,344.85,23.1,28,0.978715258,1.170454545
Becker,2020,FM,Becker_2020,8,8,24,W15098-9rus,352.715,8.55,41.25,0.782900504,2.508182067
Becker,2020,FM,Becker_2020,9,9,24,RedNorland,360.58,24.5,29.85,0.98230338,1.051330154
Becker,2020,FM,Becker_2020,10,10,24,W15108-4rus,258.94,9.6,45.75,0.830288092,1.85109033
Becker,2020,FM,Becker_2020,11,11,24,RussetNorkotah,107.085,14.5,41.05,0.819696531,2.092037218
Becker,2020,FM,Becker_2020,12,12,24,ND1232B-1RY,237.16,28.75,34,0.962622566,1.302308981
Becker,2020,FM,Becker_2020,13,13,24,MSX156-1Y,183.92,8.2,56.8,0.985218204,1.087656787
Becker,2020,FM,Becker_2020,14,14,24,W15263-50R,107.085,25.75,32.95,0.979931306,1.192674574
Becker,2020,FM,Becker_2020,15,15,24,MSU Red Marker #2,71.995,26.5,33.45,0.988000522,1.10352044
Becker,2020,FM,Becker_2020,16,16,24,MSBB238-1RY,248.05,20.35,38.7,0.969301878,1.188469676
Becker,2020,FM,Becker_2020,17,17,24,W15270-12R/Y,141.57,21.5,33.85,0.965109082,1.172526912
Becker,2020,FM,Becker_2020,18,18,24,MN12009PLWR-2,171.82,27.75,35.75,0.979096349,1.168026794
Becker,2020,FM,Becker_2020,19,19,24,ND113338C-4R,214.17,24.6,28.6,0.97960098,1.191502188
Becker,2020,FM,Becker_2020,20,20,24,MSBB213-1SPL,119.79,11,51.7,0.987,1.06557377
Becker,2020,FM,Becker_2020,21,21,24,W15240-2Y,231.11,6.8,60.75,0.977154198,1.140365333
Becker,2020,FM,Becker_2020,22,21,25,MSZ109-8PP,117.975,1.4,25.55,0.983768705,1.17451947
Becker,2020,FM,Becker_2020,23,20,25,W15268-89R,229.295,26.9,45.25,0.969763227,1.048154606
Becker,2020,FM,Becker_2020,24,19,25,MSZ416-8RY,179.685,12.85,40.65,0.968788893,1.131399286
Becker,2020,FM,Becker_2020,25,18,25,W15248-17Y,211.145,5,63.15,0.986176439,1.084438431
Becker,2020,FM,Becker_2020,26,17,25,W15086-1rus,287.98,9.25,52.8,0.831554057,1.880619315
Becker,2020,FM,Becker_2020,27,16,25,MSV179-1,127.655,7.8,56.1,0.977531649,1.158348502
Becker,2020,FM,Becker_2020,28,15,25,ND102990B-2R,209.935,29.25,37.25,0.990779062,1.031877896
Becker,2020,FM,Becker_2020,29,14,25,MN12054PLWR-2,94.38,25.1,33.75,0.975723953,1.154678459
Becker,2020,FM,Becker_2020,30,13,25,MN12054PLWR-3,116.16,30,38.95,0.987334745,1.089466445
Becker,2020,FM,Becker_2020,31,12,25,W15248-16Y,56.87,9.4,54.4,0.98314869,1.290628765
Becker,2020,FM,Becker_2020,32,10,25,ND1232B-2RY,338.195,30.2,31.75,0.974328948,1.259865191
Becker,2020,FM,Becker_2020,33,9,25,W15086-1rus,46.585,10.15,48.05,0.85189753,2.033710033
Becker,2020,FM,Becker_2020,34,8,25,YukonGold,209.935,7.75,50.95,0.980703708,1.115442728
Becker,2020,FM,Becker_2020,35,7,25,MSZ416-8RY,255.915,19.9,29.9,0.989619847,1.020689655
Becker,2020,FM,Becker_2020,36,6,25,ND1241-1Y,246.84,5.85,50.8,0.989248525,1.045189972
Becker,2020,FM,Becker_2020,37,5,25,ND113091B-2RY,37.51,15.2,41.35,0.977088847,1.148559001
Becker,2020,FM,Becker_2020,38,4,25,W15270-12R/Y,303.71,23.5,37.35,0.990196045,1.042630077
Becker,2020,FM,Becker_2020,39,3,25,ND1232B-1RY,343.64,23.65,29.95,0.967740426,1.328716773
Becker,2020,FM,Becker_2020,40,2,25,W15098-9rus,289.795,5.5,47.65,0.752520233,2.442489208
Becker,2020,FM,Becker_2020,41,1,25,W15263-50R,170.005,23.7,29.1,0.987105051,1.058785343
Becker,2020,FM,Becker_2020,42,1,26,W15240-2Y,333.355,5.45,66.75,0.959865605,1.212112258
Becker,2020,FM,Becker_2020,43,2,26,RedNorland,307.34,NA,NA,NA,NA
Becker,2020,FM,Becker_2020,44,3,26,MSBB238-1RY,344.85,10.8,41.6,0.99074538,1.011103693
Becker,2020,FM,Becker_2020,45,4,26,MN12054PLWR-2,185.13,23.9,29.1,0.973898831,1.135609965
Becker,2020,FM,Becker_2020,46,5,26,W15268-89R,337.59,25.95,33.2,0.97477866,1.158199039
Becker,2020,FM,Becker_2020,47,6,26,MSZ109-8PP,26.62,1.65,21.6,0.983830222,1.122753397
Becker,2020,FM,Becker_2020,48,7,26,ND113338C-4R,345.455,24.45,28.1,0.991217098,1.034943827
Becker,2020,FM,Becker_2020,49,8,26,MN12054PLWR-3,272.25,26.8,31.8,0.979871006,1.105772801
Becker,2020,FM,Becker_2020,50,9,26,MSX156-1Y,300.685,8.15,48.85,0.982675577,1.136768851
Becker,2020,FM,Becker_2020,51,10,26,ND12128B-1R,235.345,9.15,53.8,0.9792559,1.05424876
Becker,2020,FM,Becker_2020,52,11,26,MSU Red Marker #2,197.23,16.9,43.4,0.987942709,1.064418731
Becker,2020,FM,Becker_2020,53,12,26,MSV179-1,196.625,7.85,53,0.988439843,1.086469919
Becker,2020,FM,Becker_2020,54,13,26,MSV093-1Y,150.04,10.25,54.4,0.987118231,1.153645833
Becker,2020,FM,Becker_2020,55,14,26,RussetNorkotah,94.38,13.75,42.2,0.859704045,1.763667191
Becker,2020,FM,Becker_2020,56,15,26,W15108-4rus,218.405,NA,NA,NA,NA
Becker,2020,FM,Becker_2020,57,16,26,ND102663B-3R,196.625,26.25,32.25,0.973637691,1.242306091
Becker,2020,FM,Becker_2020,58,17,26,ND102990B-2R,186.945,26.3,37.45,0.986484187,1.037513155
Becker,2020,FM,Becker_2020,59,18,26,MN12009PLWR-2,171.82,NA,NA,NA,NA
Becker,2020,FM,Becker_2020,60,19,26,W15248-16Y,30.25,8.85,56.85,0.974552915,1.311412985
Becker,2020,FM,Becker_2020,61,20,26,MSBB213-1SPL,122.21,12,53.2,0.9760261,1.20008897
Becker,2020,FM,Becker_2020,62,21,26,W15248-17Y,232.925,5.85,66.5,0.982301865,1.101455697
Becker,2020,FM,Becker_2020,1,2,17,RedNorland,18.15,7.4,47.65,0.795499873,1.9665937
Becker,2020,FM,Becker_2020,2,1,17,MN18CO15083-5,304.92,6.3,57.8,0.990068863,1.039060526
Becker,2020,FM,Becker_2020,3,1,18,MN18CO15083-6,220.22,5.9,61.9,0.988566705,1.103956722
Becker,2020,FM,Becker_2020,4,2,18,MN18CO15117-2,298.265,3.7,69.3,0.98768065,1.078031096
Becker,2020,FM,Becker_2020,5,3,18,MN18CO15117-4,260.15,6.2,62.4,0.968289437,1.203897901
Becker,2020,FM,Becker_2020,6,4,18,MN18CO15117-5,310.97,4.5,64.2,0.969532927,1.411398823
Becker,2020,FM,Becker_2020,7,5,18,RedNorland,497.31,5.7,51.9,0.879087568,1.704426621
Becker,2020,FM,Becker_2020,8,6,18,MN18SR00001-1,448.305,3,68.6,0.972570065,1.083332291
Becker,2020,FM,Becker_2020,9,7,18,MN18SR00006-5,224.455,4.3,62.7,0.98768263,1.143705
Becker,2020,FM,Becker_2020,10,8,18,MN18SR00011-2,454.96,5.4,63,0.981409121,1.084580468
Becker,2020,FM,Becker_2020,11,9,18,MN18SR00025-1,242.605,4.7,60.7,0.990895801,1.045445988
Becker,2020,FM,Becker_2020,12,10,18,MN18SR00027-1,42.35,2.7,68.1,0.963961669,1.193661385
Becker,2020,FM,Becker_2020,13,11,18,RedNorland,281.93,7.35,48.05,0.861275852,1.773110347
Becker,2020,FM,Becker_2020,14,12,18,MN18SR0015/17-1,113.135,3.7,64.7,0.987970329,1.043976875
Becker,2020,FM,Becker_2020,15,13,18,MN18SR0015/20-1,112.53,4.2,64.8,0.932563112,1.283056835
Becker,2020,FM,Becker_2020,16,14,18,MN18TX17733-1,179.08,4.5,68.9,0.98283253,1.077753911
Becker,2020,FM,Becker_2020,17,15,18,MN18W17003-1,143.99,3.6,64.1,0.982162417,1.115796559
Becker,2020,FM,Becker_2020,18,16,18,MN18W17008-1,NA,3.5,67.1,0.984851744,1.132690263
Becker,2020,FM,Becker_2020,19,16,19,RedNorland,325.49,11.1,48.3,0.886965277,1.286070194
Becker,2020,FM,Becker_2020,20,15,19,MN18W17009-1,214.17,4.1,63.5,0.98523402,1.027254169
Becker,2020,FM,Becker_2020,21,14,19,MN18W17013-1,81.675,7.1,60.5,0.98090785,1.141154728
Becker,2020,FM,Becker_2020,22,13,19,MN18W17013-2,105.27,4.5,62.1,0.98986355,1.086032663
Becker,2020,FM,Becker_2020,23,12,19,MN18W17013-4,102.245,7.8,55.3,0.98754871,1.167461671
Becker,2020,FM,Becker_2020,24,11,19,MN18W17013-3,210.54,3.5,59.8,0.979503082,1.274000516
Becker,2020,FM,Becker_2020,25,10,19,RedNorland,323.07,7,49.6,0.910386072,1.681856863
Becker,2020,FM,Becker_2020,26,9,19,MN18W17014-1,448.305,4.7,62,0.983919857,1.077187557
Becker,2020,FM,Becker_2020,27,8,19,MN18W17019-1,373.89,8.7,53.7,0.986889878,1.138527275
Becker,2020,FM,Becker_2020,28,7,19,MN18W17021-1,144.595,7.2,52.3,0.982963216,1.176848625
Becker,2020,FM,Becker_2020,29,6,19,MN18W17021-2,268.62,4.8,62.3,0.987190536,1.139703676
Becker,2020,FM,Becker_2020,30,5,19,MN18W17023-3,381.15,6.5,58.1,0.978178559,1.237910248
Becker,2020,FM,Becker_2020,31,4,19,RedNorland,493.68,6.9,46.4,0.861242481,1.817761622
Becker,2020,FM,Becker_2020,32,3,19,MN18W17024-1,506.385,7.5,57.6,0.976656566,1.200764584
Becker,2020,FM,Becker_2020,33,2,19,MN18W17024-2,73.81,8.1,60.8,0.983943066,1.084048027
Becker,2020,FM,Becker_2020,34,1,19,MN18W17025-3,251.075,3.7,63.3,0.983690741,1.174910696
Becker,2020,FM,Becker_2020,35,1,20,MN18W17025-4,438.02,8.4,59.7,0.987229305,1.16284003
Becker,2020,FM,Becker_2020,36,2,20,MN18W17026-1,239.58,3.4,61.35,0.984376969,1.131110263
Becker,2020,FM,Becker_2020,37,3,20,RedNorland,653.4,10.5,39.8,0.904344295,1.652490774
Becker,2020,FM,Becker_2020,38,4,20,MN18W17026-2,362.395,6.2,63.8,0.98937577,1.116702999
Becker,2020,FM,Becker_2020,39,5,20,MN18W17026-4,140.965,4.8,66,0.983567573,1.339488524
Becker,2020,FM,Becker_2020,40,6,20,MN18W17026-7,281.325,5,61.2,0.983405728,1.172945326
Becker,2020,FM,Becker_2020,41,7,20,RedNorland,574.145,6.5,46.6,0.900513308,1.703579559
Becker,2021,FM,Becker_2021,1,1,5,MN18W17021-2,148.83,21.6,43.7,0.972508897,1.245443119
Becker,2021,FM,Becker_2021,2,2,5,DarkRedNorland,378.73,21.2,47.2,0.977126648,1.339807268
Becker,2021,FM,Becker_2021,3,3,5,MN18CO15117-2,407.77,21.7,44.9,0.982838974,1.157823277
Becker,2021,FM,Becker_2021,4,4,5,MN18CO16213-2,288.585,15.9,54.25,0.978044838,1.110657729
Becker,2021,FM,Becker_2021,5,5,5,MN18SR00011-2,255.915,24.7,47.5,0.952685041,1.341898633
Becker,2021,FM,Becker_2021,6,6,5,MN18TX17760-2,516.065,12.5,58.3,0.969601179,1.301820089
Becker,2021,FM,Becker_2021,7,7,5,MN19AF6937-1,355.135,21.7,49.3,0.977704299,1.159515528
Becker,2021,FM,Becker_2021,8,8,5,MN18CO15083-6,401.72,23,42,0.977295125,1.255739087
Becker,2021,FM,Becker_2021,9,9,5,RedNorland,283.745,19.6,49.4,0.964042421,1.244306418
Becker,2021,FM,Becker_2021,10,10,5,MN18W17026-2,343.035,19.9,39.7,0.963058296,1.30665097
Becker,2021,FM,Becker_2021,11,11,5,MN18W17026-4,304.92,20.6,48,0.975761019,1.18109512
Becker,2021,FM,Becker_2021,12,12,5,MN19AF6958-4,239.58,14.2,54.35,0.895177317,1.489765176
Becker,2021,FM,Becker_2021,13,13,5,MSFF160-1R,110.11,23.4,48.9,0.980405198,1.125261248
Becker,2021,FM,Becker_2021,14,14,5,MSFF228-1RY,190.575,19.8,55,0.908119242,1.678636375
Becker,2021,FM,Becker_2021,16,15,6,DarkRedNorland,113.74,20.95,52.95,0.958137592,1.335243893
Becker,2021,FM,Becker_2021,17,14,6,MN18TX17760-2,71.39,10.95,62.2,0.952730002,1.302738028
Becker,2021,FM,Becker_2021,18,13,6,MN19AF6933-1,91.96,21.15,47.4,0.969602284,1.151387132
Becker,2021,FM,Becker_2021,19,12,6,MN19ND14342-1,87.725,25.1,44.4,0.977845011,1.176470588
Becker,2021,FM,Becker_2021,20,11,6,MN19TX18206-2,52.635,15.1,54.4,0.978928295,1.067453699
Becker,2021,FM,Becker_2021,21,10,6,RedLaSoda,46.585,22.2,47.7,0.985909406,1.170923
Becker,2021,FM,Becker_2021,22,9,6,MSFF130-1R,287.375,20.4,48.9,0.989312621,1.135994912
Becker,2021,FM,Becker_2021,23,8,6,MN19AF6945-4,268.015,11.5,60.7,0.978901608,1.180225404
Becker,2021,FM,Becker_2021,24,7,6,MSFF134-2RR,317.625,14.7,47.1,0.985659123,1.149121475
Becker,2021,FM,Becker_2021,25,6,6,RedNorland,315.81,22.7,42.2,0.962911079,1.30986267
Becker,2021,FM,Becker_2021,26,5,6,MSFF182-1R,516.67,17.3,56.9,0.983373844,1.115271958
Becker,2021,FM,Becker_2021,27,4,6,ND14151-9R,416.845,23,37.5,0.990148856,1.135444835
Becker,2021,FM,Becker_2021,28,3,6,MN18CO15117-2,399.3,21.3,47.3,0.984547369,1.042578369
Becker,2021,FM,Becker_2021,29,2,6,MN18CO15083-6,410.795,21.8,47.9,0.981263119,1.233202812
Becker,2021,FM,Becker_2021,30,1,6,MN18W17009-1,380.545,20,49.9,0.983491002,1.103190181
Becker,2021,FM,Becker_2021,31,1,7,MN18W17026-4,520.905,20.55,45.85,0.975603473,1.365482234
Becker,2021,FM,Becker_2021,32,2,7,RedNorland,404.14,21,47.4,0.969844631,1.19279661
Becker,2021,FM,Becker_2021,33,3,7,MN19TX17731-2,326.095,22,48.1,0.982980476,1.107002553
Becker,2021,FM,Becker_2021,34,4,7,DarkRedNorland,406.56,21.8,45.1,0.953976853,1.349268624
Becker,2021,FM,Becker_2021,35,5,7,MN19TX18241-11,353.925,19.8,49.9,0.974426043,1.035887496
Becker,2021,FM,Becker_2021,36,6,7,MSFF335-1RR,265.595,16.5,40.3,0.968308547,1.297052528
Becker,2021,FM,Becker_2021,37,7,7,ND14168B-2R,395.67,21.4,46.7,0.9886667,1.052466661
Becker,2021,FM,Becker_2021,38,8,7,RedLaSoda,140.36,23.1,45.4,0.988127367,1.150965477
Becker,2021,FM,Becker_2021,39,9,7,W17026-4R,414.425,20.9,45.7,0.988648012,1.122947108
Becker,2021,FM,Becker_2021,40,10,7,DarkRedNorland,NA,NA,NA,NA,NA
Becker,2021,FM,Becker_2021,41,11,7,MN18CO15117-4,264.385,22.6,39.8,0.99070551,1.089631278
Becker,2021,FM,Becker_2021,42,12,7,MN18TX17730-9,159.115,11.5,61.5,0.97667459,1.150015632
Becker,2021,FM,Becker_2021,43,13,7,RedNorland,215.38,18.55,49.75,0.955981627,1.213476837
Becker,2021,FM,Becker_2021,44,14,7,MN18TX17760-2,190.575,11.7,62.1,0.955843479,1.189343678
Becker,2021,FM,Becker_2021,45,15,7,MN18W17009-1,361.79,20.75,48.55,0.988951603,1.071027201
Becker,2021,FM,Becker_2021,46,15,8,MN19AF6932-1,121,21.2,46.8,0.972018754,1.233495975
Becker,2021,FM,Becker_2021,47,14,8,MN19ND14342-5,98.615,24.25,44.9,0.966722633,1.275700935
Becker,2021,FM,Becker_2021,48,13,8,MN19TX18195-1,173.03,10.8,59.9,0.914303959,1.713943215
Becker,2021,FM,Becker_2021,49,12,8,MN19TX18240-2,197.23,19.5,49.3,0.987440973,1.18174915
Becker,2021,FM,Becker_2021,50,11,8,MSFF335-2RR,72.6,17.9,46.8,0.988390525,1.0514128
Becker,2021,FM,Becker_2021,51,10,8,RedLaSoda,228.69,21.7,45.3,0.981754949,1.077756303
Becker,2021,FM,Becker_2021,52,9,8,MN18CO15117-4,201.465,21.5,42.9,0.989796769,1.165992895
Becker,2021,FM,Becker_2021,53,8,8,MN18CO15117-2,542.685,21.3,46.5,0.983137702,1.120162806
Becker,2021,FM,Becker_2021,54,7,8,DarkRedNorland,359.37,21.5,44.5,0.974250479,1.227086919
Becker,2021,FM,Becker_2021,55,6,8,MN18CO16154-9,384.78,14.1,58.5,0.986971468,1.173994041
Becker,2021,FM,Becker_2021,56,5,8,MN18SR00023-4,239.58,13.8,57.8,0.9132254,1.549954815
Becker,2021,FM,Becker_2021,57,4,8,MN18TX17730-8,324.885,10.6,62.4,0.959909784,1.235437717
Becker,2021,FM,Becker_2021,58,3,8,RedNorland,361.185,19.3,40,0.957985547,1.4180324
Becker,2021,FM,Becker_2021,59,2,8,MN18TX17760-4,511.225,10.1,62.7,0.937525298,1.381709445
Becker,2021,FM,Becker_2021,60,1,8,MN18W17021-2,226.27,21.6,38.4,0.962625627,1.21844104
Becker,2021,FM,Becker_2021,61,1,9,ND14151-20R,399.3,25.1,39.4,0.964073945,1.246566332
Becker,2021,FM,Becker_2021,62,2,9,RedLaSoda,331.54,23.4,46.6,0.984438892,1.162445234
Becker,2021,FM,Becker_2021,63,3,9,W17027-3R/Y,442.255,25.3,45.15,0.983732943,1.261743338
Becker,2021,FM,Becker_2021,64,4,9,MN18CO15117-5,187.55,24.25,46.65,0.989386198,1.218783245
Becker,2021,FM,Becker_2021,65,5,9,DarkRedNorland,490.655,22.15,47.9,0.945236454,1.338086649
Becker,2021,FM,Becker_2021,66,6,9,MN18SR00011-2,361.79,22.25,50.15,0.980746337,1.172041237
Becker,2021,FM,Becker_2021,67,7,9,MN18TX17730-8,385.385,9.45,63.05,0.983858231,1.102272727
Becker,2021,FM,Becker_2021,68,8,9,RedLaSoda,209.33,23.55,47.85,0.987291801,1.149941632
Becker,2021,FM,Becker_2021,69,9,9,MN18W17026-2,598.95,21.75,42.35,0.976595358,1.177613386
Becker,2021,FM,Becker_2021,70,10,9,MN19AF6942-4,320.65,22.95,50.1,0.962799241,1.122426357
Becker,2021,FM,Becker_2021,71,11,9,MN19ND14341B-1,120.395,23.25,50.35,0.980390453,1.166726189
Becker,2021,FM,Becker_2021,72,12,9,RedNorland,375.1,19.3,51,0.955125736,1.697383969
Becker,2021,FM,Becker_2021,73,13,9,MN19ND1759-1,278.3,23.8,50.2,0.982153764,1.133808116
Becker,2021,FM,Becker_2021,74,14,9,MN18CO16154-9,206.305,10.4,60.8,0.987223833,1.119203878
Becker,2021,FM,Becker_2021,75,15,9,ND14299-3RY,202.07,19.1,53.4,0.992655557,1.025427757
Becker,2021,FM,Becker_2021,76,15,10,ND14336-6R,252.285,22.1,46.8,0.945105398,1.470978488
Becker,2021,FM,Becker_2021,77,14,10,MN18CO15083-6,312.18,23.2,48.1,0.98387742,1.187404451
Becker,2021,FM,Becker_2021,78,13,10,MN18SR00011-2,108.9,25.5,49,0.976503284,1.209150327
Becker,2021,FM,Becker_2021,79,12,10,MN19AF6932-5,38.72,23.3,49.3,0.974061041,1.067420784
Becker,2021,FM,Becker_2021,80,11,10,DarkRedNorland,218.405,19.8,46,0.957692182,1.467405684
Becker,2021,FM,Becker_2021,81,10,10,MN19ND1759-2,392.645,24.4,50.1,0.979111584,1.212859842
Becker,2021,FM,Becker_2021,82,9,10,MN18CO16212-3,160.93,10.8,61.5,0.982849007,1.066874609
Becker,2021,FM,Becker_2021,83,8,10,MN19TX17722-3,309.155,23,46.9,0.972143764,1.291318964
Becker,2021,FM,Becker_2021,84,7,10,RedLaSoda,292.82,24.1,41.5,0.973891511,1.179670448
Becker,2021,FM,Becker_2021,85,6,10,Fill,NA,NA,NA,NA,NA
Becker,2021,FM,Becker_2021,86,5,10,RedNorland,388.41,22.6,41.8,0.960898161,1.336348684
Becker,2021,FM,Becker_2021,87,4,10,W17007-5R,470.085,22.5,39.8,0.953189335,1.494950632
Becker,2021,FM,Becker_2021,88,3,10,W17AF6698-1R,568.095,20.25,38.4,0.985181408,1.216223664
Becker,2021,FM,Becker_2021,89,2,10,MN19AF6933-5,205.7,22.9,46.35,0.977603858,1.298182507
Becker,2021,FM,Becker_2021,90,1,10,MN19ND1756-1,214.775,23.4,39.3,0.985285016,1.155163159
Becker,2021,FM,Becker_2021,91,1,11,MN19TX18240-1,305.525,19.55,44.6,0.982723117,1.078942181
Becker,2021,FM,Becker_2021,92,2,11,DarkRedNorland,388.41,20.2,48.1,0.962663916,1.402548475
Becker,2021,FM,Becker_2021,93,3,11,MN19TX18206-7,500.335,13.75,53.95,0.985275677,1.285930408
Becker,2021,FM,Becker_2021,94,4,11,MN19ND14342-7,106.48,23.5,47.4,0.987519841,1.111066691
Becker,2021,FM,Becker_2021,95,5,11,MN18CO16213-2,256.52,15.7,55.15,0.980524988,1.171875688
Becker,2021,FM,Becker_2021,96,6,11,RedNorland,516.065,20.15,39.35,0.967983189,1.374776227
Becker,2021,FM,Becker_2021,97,7,11,MSFF353-1R,745.965,22.45,36.95,0.986818093,1.053666706
Becker,2021,FM,Becker_2021,98,8,11,ND14151-15R,320.65,21.95,35.1,0.989258269,1.146886468
Becker,2021,FM,Becker_2021,99,9,11,RedLaSoda,132.495,23.9,38.65,0.988357828,1.205546493
Becker,2021,FM,Becker_2021,100,10,11,W17002-13R,396.275,19.7,38.7,0.982627966,1.247393116
Becker,2021,FM,Becker_2021,101,11,11,MN18CO15117-5,199.65,22.5,39.1,0.978508968,1.133150911
Becker,2021,FM,Becker_2021,102,12,11,MN18SR00006-5,268.015,20.4,41.8,0.980078414,1.15861564
Becker,2021,FM,Becker_2021,103,13,11,DarkRedNorland,248.05,19.1,41.8,0.970593061,1.287272552
Becker,2021,FM,Becker_2021,104,14,11,MN18W17009-1,410.795,20.45,45.25,0.985059239,1.115183167
Becker,2021,FM,Becker_2021,105,15,11,MN18TX17760-4,294.03,12.65,55.65,0.924627682,1.369407497
Becker,2021,FM,Becker_2021,106,15,12,RedNorland,169.4,20.25,44.15,0.9691679,1.458897784
Becker,2021,FM,Becker_2021,107,14,12,MN19AF6932-3,75.625,25.9,42.6,0.982685057,1.103360443
Becker,2021,FM,Becker_2021,108,13,12,MN19AF6933-6,160.325,25.7,45.3,0.942982014,1.375296863
Becker,2021,FM,Becker_2021,109,12,12,MN18SR00006-5,231.11,23.6,47.5,0.95568068,1.286357932
Becker,2021,FM,Becker_2021,110,11,12,MN19ND1753Y-1,47.795,22,42.8,0.973008913,1.167168713
Becker,2021,FM,Becker_2021,111,10,12,ND14151-24R,402.93,26.1,41.1,0.970295234,1.256157635
Becker,2021,FM,Becker_2021,112,9,12,RedLaSoda,201.465,23.5,46.4,0.977482433,1.127148473
Becker,2021,FM,Becker_2021,113,8,12,W17005-3R,614.68,22.4,43,0.972508897,1.221860379
Becker,2021,FM,Becker_2021,114,7,12,MN18CO15117-4,283.745,23.5,43.9,0.982905304,1.166041585
Becker,2021,FM,Becker_2021,115,6,12,DarkRedNorland,493.075,23.7,42.6,0.954673283,1.425837321
Becker,2021,FM,Becker_2021,116,5,12,MN18CO16212-3,260.755,13.7,59.5,0.979150106,1.190806701
Becker,2021,FM,Becker_2021,117,4,12,MN18SR00011-2,364.815,25,46.5,0.980679914,1.113288137
Becker,2021,FM,Becker_2021,118,3,12,MN18TX17730-8,353.925,11,60.65,0.983373144,1.133985457
Becker,2021,FM,Becker_2021,119,2,12,MN18W17026-2,641.3,25,43.6,0.96315168,1.243763975
Becker,2021,FM,Becker_2021,120,1,12,RedLaSoda,281.325,-455.05,828.65,0.984930169,1.122732915
Becker,2021,FM,Becker_2021,121,1,13,MN18W17026-2,477.345,24.1,40.9,0.981876483,1.091983729
Becker,2021,FM,Becker_2021,122,2,13,MN19TX17751-1,191.18,18.8,37.25,0.917047898,1.701232502
Becker,2021,FM,Becker_2021,123,3,13,MN19TX17751-5,147.62,23.35,46.8,0.974669841,1.162685323
Becker,2021,FM,Becker_2021,124,4,13,RedNorland,549.945,20.4,48.75,0.962864163,1.507869735
Becker,2021,FM,Becker_2021,125,5,13,W16025-5R,607.42,24.05,43.15,0.984024089,1.259615385
Becker,2021,FM,Becker_2021,126,6,13,DarkRedNorland,462.825,21.4,47.55,0.957179431,1.364331993
Becker,2021,FM,Becker_2021,127,7,13,MN18AF6741-2,366.025,12.95,58.5,0.953181098,1.448363508
Becker,2021,FM,Becker_2021,128,8,13,MN18CO16154-9,282.535,11.2,59.8,0.981161554,1.083926031
Becker,2021,FM,Becker_2021,129,9,13,MN18W17026-4,228.69,13.55,60.5,0.988528509,1.243482983
Becker,2021,FM,Becker_2021,130,10,13,MN19AF6933-9,156.09,23.5,48.55,0.976414511,1.202188323
Becker,2021,FM,Becker_2021,131,11,13,MN19AF6945-8,77.44,11.6,60.9,0.986852305,1.161758044
Becker,2021,FM,Becker_2021,132,12,13,MN19ND14342-3,197.835,24.6,44.05,0.99075584,1.097214773
Becker,2021,FM,Becker_2021,133,13,13,MN19TX18336-1,297.055,20,46.85,0.969856044,1.34818078
Becker,2021,FM,Becker_2021,134,14,13,ND14302-8R,259.545,21.9,48.2,0.974531227,1.271310276
Becker,2021,FM,Becker_2021,135,15,13,RedLaSoda,75.02,21.9,50,0.984354873,1.186500965
Becker,2021,FM,Becker_2021,136,15,14,RedNorland,84.095,21.3,47.9,0.968547212,1.171144111
Becker,2021,FM,Becker_2021,137,14,14,W16030-4R,49.61,21.7,52.1,0.957050472,1.568347953
Becker,2021,FM,Becker_2021,138,13,14,MN18CO15083-6,168.795,22.45,48.15,0.986022147,1.253863806
Becker,2021,FM,Becker_2021,139,12,14,DarkRedNorland,128.26,20.85,50.65,0.950981632,1.434762348
Becker,2021,FM,Becker_2021,140,11,14,MN18CO16212-3,117.37,13.5,57.55,0.980621479,1.122008113
Becker,2021,FM,Becker_2021,141,10,14,MN18W17021-2,99.825,22.9,43,0.976598101,1.159916926
Becker,2021,FM,Becker_2021,142,9,14,MN19AF6933-4,228.69,26.2,43.1,0.988020625,1.137261296
Becker,2021,FM,Becker_2021,143,8,14,MN18SR00023-4,66.55,12,59.9,0.776493489,2.404461491
Becker,2021,FM,Becker_2021,144,7,14,MN18TX17730-8,262.57,11,62.2,0.978573295,1.154584784
Becker,2021,FM,Becker_2021,145,6,14,MN19AF6945-5,347.27,15.1,55.9,0.982332897,1.173606584
Becker,2021,FM,Becker_2021,146,5,14,RedLaSoda,98.615,24.8,42.1,0.983723742,1.193057784
Becker,2021,FM,Becker_2021,147,4,14,RedNorland,282.535,21.6,45.5,0.961569247,1.240635986
Becker,2021,FM,Becker_2021,148,3,14,MN19ND14339C-1,166.375,22.9,41.9,0.983738923,1.083057706
Becker,2021,FM,Becker_2021,149,2,14,MN19ND14384-1,134.915,21.4,41.3,0.984032823,1.211656932
Becker,2021,FM,Becker_2021,150,1,14,MN18AF6741-2,205.095,13.6,57.4,0.942983039,1.404253436
Becker,2021,FM,Becker_2021,151,1,15,MN18CO16213-2,154.88,13.65,58.55,0.97910484,1.112829275
Becker,2021,FM,Becker_2021,152,2,15,MN18CO16213-2,181.5,15.95,56.3,0.964052394,1.121668005
Becker,2021,FM,Becker_2021,153,3,15,MN18CO16154-9,210.54,14.5,57.6,0.985168923,1.155440415
Becker,2021,FM,Becker_2021,154,4,15,DarkRedNorland,259.545,22.8,42.9,0.966676808,1.198059529
Becker,2021,FM,Becker_2021,155,5,15,MN18W17008-1,203.28,19.9,46,0.979801046,1.11666863
Becker,2021,FM,Becker_2021,156,6,15,MN19AF6945-3,533.005,10.65,61.95,0.975684265,1.210288337
Becker,2021,FM,Becker_2021,157,7,15,RedNorland,271.645,21.75,48.55,0.973912357,1.28436019
Becker,2021,FM,Becker_2021,158,8,15,MSFF145-2R,275.275,24.35,46.7,0.985968599,1.147727273
Becker,2021,FM,Becker_2021,159,9,15,MSFF223-1RY,110.11,22,45.7,0.987631331,1.297327203
Becker,2021,FM,Becker_2021,160,10,15,MN18TX17730-9,185.735,11.2,59.2,0.958548168,1.333776154
Becker,2021,FM,Becker_2021,161,11,15,MN18TX17760-4,393.855,14.6,54.5,0.94204312,1.364238411
Becker,2021,FM,Becker_2021,162,12,15,MSFF351-1RR,180.29,17.6,39.9,0.983146892,1.121610613
Becker,2021,FM,Becker_2021,163,13,15,RedLaSoda,52.03,22.1,43.8,0.983465411,1.147835872
Becker,2021,FM,Becker_2021,164,14,15,MN19TX18206-5,20.57,14.5,52.1,0.962104027,1.188903659
Becker,2021,FM,Becker_2021,165,15,15,DarkRedNorland,185.735,22.5,42.3,0.969005791,1.286492533
Becker,2021,FM,Becker_2021,166,15,16,MN18CO15117-5,84.7,23.5,43.8,0.988454074,1.142857143
Becker,2021,FM,Becker_2021,167,14,16,MN18SR00023-4,80.465,16.4,53.5,0.860878624,1.639878073
Becker,2021,FM,Becker_2021,168,13,16,MN18TX17730-9,109.505,13.3,56.1,0.970860709,1.32887495
Becker,2021,FM,Becker_2021,169,12,16,MN18W17008-1,127.05,19.9,41.6,0.976005137,1.190898671
Becker,2021,FM,Becker_2021,170,11,16,MN19ND1756-2,53.845,24.3,40.4,0.925524459,1.483011539
Becker,2021,FM,Becker_2021,171,10,16,RedLaSoda,80.465,19.7,43.4,0.968976193,1.302897496
Becker,2021,FM,Becker_2021,172,9,16,RedNorland,217.195,21,42.4,0.95688221,1.36129296
Becker,2021,FM,Becker_2021,173,8,16,W17027-2R,439.835,22.7,44.1,0.961738671,1.297560976
Becker,2021,FM,Becker_2021,174,7,16,MN18SR00006-5,268.015,21.4,40.7,0.96233625,1.262246455
Becker,2021,FM,Becker_2021,175,6,16,MN18CO15117-2,378.73,20.7,38.4,0.98841256,1.081087701
Becker,2021,FM,Becker_2021,176,5,16,MN18W17008-1,264.385,20.8,39.5,0.976172188,1.150400968
Becker,2021,FM,Becker_2021,177,4,16,MN18W17009-1,314.6,20,41.4,0.986672174,1.24847109
Becker,2022,FM,Becker_2022,1,1,2,MN19AF6945-5,265.595,5.3,57.5,0.982372828,1.142238293
Becker,2022,FM,Becker_2022,2,2,2,MN18CO16213-2,249.9115385,5.6,46.9,0.978428252,1.191336757
Becker,2022,FM,Becker_2022,3,3,2,DarkRedNorland,344.85,8.1,45,0.95264311,1.246520305
Becker,2022,FM,Becker_2022,4,4,2,MN18CO16212-3,289.19,-111.4,153.4,0.958735006,1.216180576
Becker,2022,FM,Becker_2022,5,5,2,RedNorland,420.2423077,11.1,37.3,0.95703331,1.271439993
Becker,2022,FM,Becker_2022,6,6,2,MN19TX18073-1,387.805,13.5,55.1,0.980846318,1.150968323
Becker,2022,FM,Becker_2022,7,7,2,MN19TX18206-5,212.2153846,197.8,158.4,NA,NA
Becker,2022,FM,Becker_2022,8,8,2,MN07112,253.495,3.3,54.7,0.969968108,1.382785622
Becker,2022,FM,Becker_2022,9,9,2,MN19ND1759-1,283.745,-36.2,-10.2,0.982555373,1.084710835
Becker,2022,FM,Becker_2022,10,10,2,MN19ND14342-3,305.7576923,14.9,49.2,0.970328948,1.200549112
Becker,2022,FM,Becker_2022,11,11,2,RedPontiac,332.2846154,12.4,55.7,0.964463135,1.217082988
Becker,2022,FM,Becker_2022,12,12,2,MN19AF6942-4,299.475,-40.4,378.5,0.967352033,1.176204741
Becker,2022,FM,Becker_2022,13,13,2,MN18CO16154-9,298.7769231,142.1,24,0.983275068,1.068781329
Becker,2022,FM,Becker_2022,14,14,2,RedLaSoda,348.3403846,-173.1,224.4,0.974337418,1.290671497
Becker,2022,FM,Becker_2022,16,16,2,MN07112,226.27,373.2,220.3,0.962567417,1.193869586
Becker,2022,FM,Becker_2022,17,17,2,MSGG068-1,549.945,25.4,35,0.974106126,1.194714135
Becker,2022,FM,Becker_2022,18,18,2,MN07112,444.07,64.8,-924.9,0.9640519,1.330296423
Becker,2022,FM,Becker_2022,19,19,2,MN18CO15083-6,603.185,26.3,69.9,0.971656433,1.13417239
Becker,2022,FM,Becker_2022,20,20,2,MN19TX17722-3,393.7153846,8.9,68.9,0.975659156,1.114869675
Becker,2022,FM,Becker_2022,21,21,2,MN07112,274.065,3.1,54.3,0.956386775,1.233580591
Becker,2022,FM,Becker_2022,22,22,2,MN18CO16212-2,340.01,243.4,-4.5,0.983007906,1.086614173
Becker,2022,FM,Becker_2022,23,23,2,MN19TX18240-2,241.395,7,58.9,0.927809254,1.309180008
Becker,2022,FM,Becker_2022,24,23,3,MN18CO15117-2,332.9826923,12.4,52.7,0.981181123,1.127836404
Becker,2022,FM,Becker_2022,25,22,3,MN07112,289.795,1.5,58,0.967347259,1.33510087
Becker,2022,FM,Becker_2022,26,21,3,MN18W17026-4,314.6,8.1,67.6,0.980776783,1.204583078
Becker,2022,FM,Becker_2022,27,20,3,MN20ND17150-2,60.5,11,47.3,0.965571606,1.091666667
Becker,2022,FM,Becker_2022,28,19,3,MN19ND1759-2,237.16,11.5,57,0.979431535,1.02817986
Becker,2022,FM,Becker_2022,29,18,3,RedNorland,469.8057692,8.9,59.3,0.939399521,1.329365753
Becker,2022,FM,Becker_2022,30,17,3,MN19AF6945-8,138.2192308,-98,-15.1,0.957138017,1.090145819
Becker,2022,FM,Becker_2022,31,16,3,MN19TX18336-1,254.1,44.2,76.5,0.953887081,1.222514679
Becker,2022,FM,Becker_2022,32,15,3,MN19TX18240-1,110.9942308,314.85,401.25,0.932042783,1.352719537
Becker,2022,FM,Becker_2022,33,14,3,MSGG039-11,378.73,7.9,58.3,0.986135807,1.155623115
Becker,2022,FM,Becker_2022,34,13,3,ND1757-10R,177.87,8.7,54.4,0.984287932,1.047223996
Becker,2022,FM,Becker_2022,35,12,3,MN19TX18215-5,286.165,7.1,55.8,0.970889597,1.17856932
Becker,2022,FM,Becker_2022,36,11,3,MN19TX18195-1,374.495,11.45,45.4,0.976733988,1.153679338
Becker,2022,FM,Becker_2022,37,10,3,MSGG039-8,440.44,-172.25,172.7,0.979487228,1.123518799
Becker,2022,FM,Becker_2022,40,7,3,Chieftain,220.5923077,11.75,53.25,0.977994702,1.08436406
Becker,2022,FM,Becker_2022,41,6,3,MN18SR00011-2,235.95,12.65,52.75,0.970610535,1.177201043
Becker,2022,FM,Becker_2022,42,5,3,ND1753Y-8R,229.295,17.05,60,0.972022712,1.183414926
Becker,2022,FM,Becker_2022,43,4,3,MN19ND14342-5,160.5576923,13.05,45,0.978026723,1.171184806
Becker,2022,FM,Becker_2022,44,3,3,MN18W17009-1,150.7846154,12.25,52.7,0.987601433,1.09722278
Becker,2022,FM,Becker_2022,45,2,3,MN19ND1756-2,352.5288462,14.5,48.8,0.970287272,1.187281427
Becker,2022,FM,Becker_2022,46,1,3,ND1753Y-5R,283.745,13.1,52.95,0.966406426,1.211021122
Becker,2022,FM,Becker_2022,47,1,4,MN19AF6945-3,287.98,5.4,69.25,0.975869847,1.187576773
Becker,2022,FM,Becker_2022,48,2,4,MN18TX17760-4,122.8615385,64.85,56.95,0.953747911,1.255570758
Becker,2022,FM,Becker_2022,49,3,4,MN18TX17760-2,274.3442308,107.2,578.9,0.970979773,1.155142079
Becker,2022,FM,Becker_2022,50,4,4,MN18W17026-2,326.7,-145.7,263.95,0.930715878,1.502424293
Becker,2022,FM,Becker_2022,51,5,4,MN19AF6933-6,191.9711538,NA,NA,0.962303081,1.167228471
Becker,2022,FM,Becker_2022,52,6,4,MN19TX18206-2,122.8615385,90.4,144.05,0.948894894,1.369296074
Becker,2022,FM,Becker_2022,53,7,4,YukonGold,271.5519231,-5.75,46.9,0.938422319,1.193343763
Becker,2022,FM,Becker_2022,54,8,4,MN19AOR16123-7,240.8365385,15,59.8,0.980461923,1.143114456
Becker,2022,FM,Becker_2022,55,9,4,ND1727Y-3R,413.215,14.1,52.1,0.977282341,1.118114944
Becker,2022,FM,Becker_2022,56,10,4,MN19AF6945-4,155.485,7.75,63.65,0.969695621,1.19379845
Becker,2022,FM,Becker_2022,57,11,4,MN18TX17760-3,446.49,NA,NA,0.916089001,1.37065448
Becker,2022,FM,Becker_2022,58,12,4,MN19ND14384-1,39.93,NA,NA,0.922656475,1.217498457
Becker,2022,FM,Becker_2022,59,13,4,MN18W17009-1,381.8480769,15.25,60.25,0.971741247,1.131135039
Becker,2022,FM,Becker_2022,61,15,4,MN19TX18206-2,124.9557692,-7.4,89.2,0.958038924,1.331428571
Becker,2022,FM,Becker_2022,62,16,4,MSGG158-11PP,422.29,11.8,128.7,0.98209366,1.157949024
Becker,2022,FM,Becker_2022,63,17,4,MSGG078-7,461.01,NA,NA,0.970042896,1.087075014
Becker,2022,FM,Becker_2022,64,18,4,MN19AF6933-6,276.4384615,-62.2,153.8,0.96791644,1.230519651
Becker,2022,FM,Becker_2022,65,19,4,MSGG137-1R,375.705,122.4,28.8,0.970515967,1.064031151
Becker,2022,FM,Becker_2022,66,20,4,MN18TX17760-3,369.05,-10.8,71.8,0.932870403,1.400921659
Becker,2022,FM,Becker_2022,67,21,4,MN19TX17731-2,335.775,-257.4,329.2,0.956659283,1.249313523
Becker,2022,FM,Becker_2022,68,22,4,MN07112,377.52,-16.1,77.9,0.961357398,1.317200883
Becker,2022,FM,Becker_2022,69,23,4,MN19AF6945-4,249.26,-35,115.9,0.946619761,1.175980567
Becker,2022,FM,Becker_2022,70,23,5,MN18CO15117-2,307.1538462,100.8,-141.9,0.975735329,1.063393106
Becker,2022,FM,Becker_2022,71,22,5,MN18W17026-4,401.72,11.7,58.4,0.975419784,1.119872732
Becker,2022,FM,Becker_2022,72,21,5,ND1757-3R,244.42,466.1,-322.7,0.985848698,1.075942196
Becker,2022,FM,Becker_2022,73,20,5,MN18W17026-2,343.4538462,9,56.1,0.960860168,1.236558687
Becker,2022,FM,Becker_2022,74,19,5,DarkRedNorland,402.7903846,9.2,52,0.951972551,1.331771838
Becker,2022,FM,Becker_2022,75,18,5,MN18CO15083-6,460.405,11.8,54.8,0.983157993,1.218438671
Becker,2022,FM,Becker_2022,76,17,5,RedNorland,441.1846154,9.7,54.7,0.919423806,1.455501626
Becker,2022,FM,Becker_2022,77,16,5,MN19ND14342-5,101.2211538,10.2,53.2,0.987718513,1.123708006
Becker,2022,FM,Becker_2022,78,15,5,MN19TX18206-5,180.8019231,97.3,80.6,0.964666838,1.199480369
Becker,2022,FM,Becker_2022,79,14,5,MN19CO17027-1,363.605,12.6,56.8,0.984076391,1.107854013
Becker,2022,FM,Becker_2022,80,13,5,YukonGold,148.6903846,77.7,-418.1,0.974192757,1.096852388
Becker,2022,FM,Becker_2022,81,12,5,MN19ND14384-1,105.875,-38.4,165.7,0.973015147,1.114434637
Becker,2022,FM,Becker_2022,82,11,5,MN18CO16212-3,320.65,140.7,74.4,0.966268945,1.153716024
Becker,2022,FM,Becker_2022,83,10,5,MN18CO16154-9,292.4942308,23.3,66.7,0.975975337,1.089494694
Becker,2022,FM,Becker_2022,84,9,5,MN19ND14342-3,235.95,NA,NA,0.986760566,1.08630583
Becker,2022,FM,Becker_2022,85,8,5,RedLaSoda,465.6173077,583.6,-367.5,0.958895624,1.314864035
Becker,2022,FM,Becker_2022,86,7,5,MN19ND14339C-1,220.825,1015.5,-136.2,0.959716227,1.125525292
Becker,2022,FM,Becker_2022,87,6,5,MN19TX18240-1,200.3480769,-418.4,887.9,0.967693776,1.154676615
Becker,2022,FM,Becker_2022,88,5,5,MN19ND1756-2,357.4153846,8.8,57.1,0.952774087,1.171131793
Becker,2022,FM,Becker_2022,89,4,5,MN19ND1759-2,261.36,122.1,30.6,0.985861772,1.10067377
Becker,2022,FM,Becker_2022,90,3,5,MN19AOR16123-7,302.9653846,10.2,53.4,0.979890673,1.095671324
Becker,2022,FM,Becker_2022,91,2,5,ND1757-2R,205.7,11.9,64.3,0.982079561,1.029411765
Becker,2022,FM,Becker_2022,92,1,5,MN19TX18073-1,306.13,3.3,71.55,0.979988259,1.167989971
Becker,2022,FM,Becker_2022,93,1,6,MN07112,252.89,34.625,-29.125,0.959490519,1.125630677
Becker,2022,FM,Becker_2022,94,2,6,MN19AF6933-4,219.615,14.05,55.85,0.975640535,1.129697722
Becker,2022,FM,Becker_2022,95,3,6,MN18TX17760-4,154.9730769,89,294.1,0.935781101,1.405136124
Becker,2022,FM,Becker_2022,96,4,6,MN18TX17760-2,208.0269231,14.7,47.1,0.972031149,1.272661582
Becker,2022,FM,Becker_2022,97,5,6,ND1757-7R,242.605,10.3,56.25,0.982681105,1.099943882
Becker,2022,FM,Becker_2022,98,6,6,MN07112,186.34,147.55,-111.15,0.949653516,1.286248358
Becker,2022,FM,Becker_2022,99,7,6,MN18CO16212-2,362.395,NA,NA,0.982127185,1.162791698
Becker,2022,FM,Becker_2022,100,8,6,MSGG135-1R,333.96,14,54.1,0.988867254,1.05727835
Becker,2022,FM,Becker_2022,101,9,6,MN18SR00006-5,319.7192308,15.45,53.2,0.958930001,1.203413343
Becker,2022,FM,Becker_2022,102,10,6,MN19TX17722-3,355.3211538,15.35,55.05,0.977979432,1.085543441
Becker,2022,FM,Becker_2022,103,11,6,MN18CO16213-2,221.2903846,77.2,44.1,0.867856335,1.398633257
Becker,2022,FM,Becker_2022,104,12,6,MN07112,250.47,5.35,55.85,0.95887911,1.173703753
Becker,2022,FM,Becker_2022,105,13,6,ND1753Y-3R,245.025,17.85,46.65,0.986656588,1.036082474
Becker,2022,FM,Becker_2022,106,14,6,MN19AF6945-3,390.83,NA,NA,0.95820545,1.44031411
Becker,2022,FM,Becker_2022,108,16,6,MSGG127-3R,245.025,16.65,53.05,0.982171883,1.074619385
Becker,2022,FM,Becker_2022,109,17,6,MN19AF6942-4,279.2307692,15.8,58.2,0.985963286,1.036640626
Becker,2022,FM,Becker_2022,110,18,6,MN19TX18240-2,271.645,7.4,49.25,0.876665312,1.577656695
Becker,2022,FM,Becker_2022,111,19,6,RedPontiac,423.0346154,10.1,55.6,0.952144331,1.235875689
Becker,2022,FM,Becker_2022,112,20,6,Modoc,173.8211538,11.9,53.2,0.980251072,1.18938998
Becker,2022,FM,Becker_2022,113,21,6,MN19AF6945-5,548.735,4.05,73.7,0.980123186,1.174794891
Becker,2022,FM,Becker_2022,114,22,6,MN07112,263.175,2.05,57.5,0.969963865,1.212647612
Becker,2022,FM,Becker_2022,115,23,6,MN19ND1759-1,341.825,12.95,53.3,0.984681233,1.064585325